id,cliente,monto,estado
PERF-000001,Customer 1,1003,Activo
PERF-000002,Customer 2,1006,Inactivo
PERF-000003,Customer 3,1009,Pendiente
PERF-000004,Customer 4,1012,Inactivo
PERF-000005,Customer 5,1015,Activo
PERF-000006,Customer 6,1018,Pendiente
PERF-000007,Customer 7,1021,Activo
PERF-000008,Customer 8,1024,Inactivo
PERF-000009,Customer 9,1027,Pendiente
PERF-000010,Customer 10,1030,Inactivo
PERF-000011,Customer 11,1033,Activo
PERF-000012,Customer 12,1036,Pendiente
PERF-000013,Customer 13,1039,Activo
PERF-000014,Customer 14,1042,Inactivo
PERF-000015,Customer 15,1045,Pendiente
PERF-000016,Customer 16,1048,Inactivo
PERF-000017,Customer 17,1051,Activo
PERF-000018,Customer 18,1054,Pendiente
PERF-000019,Customer 19,1057,Activo
PERF-000020,CUSTOMER 20,1060,inactivo
PERF-000021,Customer 21,1063,Pendiente
PERF-000022,Customer 22,1066,Inactivo
PERF-000023,Customer 23,1069,Activo
PERF-000024,Customer 24,1072,Pendiente
PERF-000025,Customer 25,1075,Activo
PERF-000026,Customer 26,1078,Inactivo
PERF-000027,Customer 27,1081,Pendiente
PERF-000028,Customer 28,1084,Inactivo
PERF-000029,Customer 29,1087,Activo
PERF-000030,Customer 30,1090,Pendiente
PERF-000031,Customer 31,1093,Activo
PERF-000032,Customer 32,1096,Inactivo
PERF-000033,Customer 33,1099,Pendiente
PERF-000034,Customer 34,1102,Inactivo
PERF-000035,Customer 35,1105,Activo
PERF-000036,Customer 36,1108,Pendiente
PERF-000037,Customer 37,1111,Activo
PERF-000038,Customer 38,1114,Inactivo
PERF-000039,Customer 39,1117,Pendiente
PERF-000040,CUSTOMER 40,1120,inactivo
PERF-000041,Customer 41,1123,Activo
PERF-000042,Customer 42,1126,Pendiente
PERF-000043,Customer 43,1129,Activo
PERF-000044,Customer 44,1132,Inactivo
PERF-000045,Customer 45,1135,Pendiente
PERF-000046,Customer 46,1138,Inactivo
PERF-000047,Customer 47,1141,Activo
PERF-000048,Customer 48,1144,Pendiente
PERF-000049,Customer 49,1147,Activo
PERF-000050,Customer 50,1152,Inactivo
PERF-000051,Customer 51,1153,Pendiente
PERF-000052,Customer 52,1156,Inactivo
PERF-000053,Customer 53,1159,Activo
PERF-000054,Customer 54,1162,Pendiente
PERF-000055,Customer 55,1165,Activo
PERF-000056,Customer 56,1168,Inactivo
PERF-000057,Customer 57,1171,Pendiente
PERF-000058,Customer 58,1174,Inactivo
PERF-000059,Customer 59,1177,Activo
PERF-000060,CUSTOMER 60,1180,pendiente
PERF-000061,Customer 61,1183,Activo
PERF-000062,Customer 62,1186,Inactivo
PERF-000063,Customer 63,1189,Pendiente
PERF-000064,Customer 64,1192,Inactivo
PERF-000065,Customer 65,1195,Activo
PERF-000066,Customer 66,1198,Pendiente
PERF-000067,Customer 67,1201,Activo
PERF-000068,Customer 68,1204,Inactivo
PERF-000069,Customer 69,1207,Pendiente
PERF-000070,Customer 70,1210,Inactivo
PERF-000071,Customer 71,1213,Activo
PERF-000072,Customer 72,1216,Pendiente
PERF-000073,Customer 73,1219,Activo
PERF-000074,Customer 74,1222,Inactivo
PERF-000075,Customer 75,1225,Pendiente
PERF-000076,Customer 76,1228,Inactivo
PERF-000077,Customer 77,1231,Activo
PERF-000078,Customer 78,1234,Pendiente
PERF-000079,Customer 79,1237,Activo
PERF-000080,CUSTOMER 80,1240,inactivo
PERF-000081,Customer 81,1243,Pendiente
PERF-000082,Customer 82,1246,Inactivo
PERF-000083,Customer 83,1249,Activo
PERF-000084,Customer 84,1252,Pendiente
PERF-000085,Customer 85,1255,Activo
PERF-000086,Customer 86,1258,Inactivo
PERF-000087,Customer 87,1261,Pendiente
PERF-000088,Customer 88,1264,Inactivo
PERF-000089,Customer 89,1267,Activo
PERF-000090,Customer 90,1270,Pendiente
PERF-000091,Customer 91,1273,Activo
PERF-000092,Customer 92,1276,Inactivo
PERF-000093,Customer 93,1279,Pendiente
PERF-000094,Customer 94,1282,Inactivo
PERF-000095,Customer 95,1285,Activo
PERF-000096,Customer 96,1288,Pendiente
PERF-000097,Customer 97,1291,Activo
PERF-000098,Customer 98,1294,Inactivo
PERF-000099,Customer 99,1297,Pendiente
PERF-000100,CUSTOMER 100,1320,inactivo
PERF-000101,Customer 101,1303,Activo
PERF-000102,Customer 102,1306,Pendiente
PERF-000103,Customer 103,1309,Activo
PERF-000104,Customer 104,1312,Inactivo
PERF-000105,Customer 105,1315,Pendiente
PERF-000106,Customer 106,1318,Inactivo
PERF-000107,Customer 107,1321,Activo
PERF-000108,Customer 108,1324,Pendiente
PERF-000109,Customer 109,1327,Activo
PERF-000110,Customer 110,1330,Inactivo
PERF-000111,Customer 111,1333,Pendiente
PERF-000112,Customer 112,1336,Inactivo
PERF-000113,Customer 113,1339,Activo
PERF-000114,Customer 114,1342,Pendiente
PERF-000115,Customer 115,1345,Activo
PERF-000116,Customer 116,1348,Inactivo
PERF-000117,Customer 117,1351,Pendiente
PERF-000118,Customer 118,1354,Inactivo
PERF-000119,Customer 119,1357,Activo
PERF-000120,CUSTOMER 120,1360,pendiente
PERF-000121,Customer 121,1363,Activo
PERF-000122,Customer 122,1366,Inactivo
PERF-000123,Customer 123,1369,Pendiente
PERF-000124,Customer 124,1372,Inactivo
PERF-000125,Customer 125,1375,Activo
PERF-000126,Customer 126,1378,Pendiente
PERF-000127,Customer 127,1381,Activo
PERF-000128,Customer 128,1384,Inactivo
PERF-000129,Customer 129,1387,Pendiente
PERF-000130,Customer 130,1390,Inactivo
PERF-000131,Customer 131,1393,Activo
PERF-000132,Customer 132,1396,Pendiente
PERF-000133,Customer 133,1399,Activo
PERF-000134,Customer 134,1402,Inactivo
PERF-000135,Customer 135,1405,Pendiente
PERF-000136,Customer 136,1408,Inactivo
PERF-000137,Customer 137,1411,Activo
PERF-000138,Customer 138,1414,Pendiente
PERF-000139,Customer 139,1417,Activo
PERF-000140,CUSTOMER 140,1420,inactivo
PERF-000141,Customer 141,1423,Pendiente
PERF-000142,Customer 142,1426,Inactivo
PERF-000143,Customer 143,1429,Activo
PERF-000144,Customer 144,1432,Pendiente
PERF-000145,Customer 145,1435,Activo
PERF-000146,Customer 146,1438,Inactivo
PERF-000147,Customer 147,1441,Pendiente
PERF-000148,Customer 148,1444,Inactivo
PERF-000149,Customer 149,1447,Activo
PERF-000150,Customer 150,1452,Pendiente
PERF-000151,Customer 151,1453,Activo
PERF-000152,Customer 152,1456,Inactivo
PERF-000153,Customer 153,1459,Pendiente
PERF-000154,Customer 154,1462,Inactivo
PERF-000155,Customer 155,1465,Activo
PERF-000156,Customer 156,1468,Pendiente
PERF-000157,Customer 157,1471,Activo
PERF-000158,Customer 158,1474,Inactivo
PERF-000159,Customer 159,1477,Pendiente
PERF-000160,CUSTOMER 160,1480,inactivo
PERF-000161,Customer 161,1483,Activo
PERF-000162,Customer 162,1486,Pendiente
PERF-000163,Customer 163,1489,Activo
PERF-000164,Customer 164,1492,Inactivo
PERF-000165,Customer 165,1495,Pendiente
PERF-000166,Customer 166,1498,Inactivo
PERF-000167,Customer 167,1501,Activo
PERF-000168,Customer 168,1504,Pendiente
PERF-000169,Customer 169,1507,Activo
PERF-000170,Customer 170,1510,Inactivo
PERF-000171,Customer 171,1513,Pendiente
PERF-000172,Customer 172,1516,Inactivo
PERF-000173,Customer 173,1519,Activo
PERF-000174,Customer 174,1522,Pendiente
PERF-000175,Customer 175,1525,Activo
PERF-000176,Customer 176,1528,Inactivo
PERF-000177,Customer 177,1531,Pendiente
PERF-000178,Customer 178,1534,Inactivo
PERF-000179,Customer 179,1537,Activo
PERF-000180,CUSTOMER 180,1540,pendiente
PERF-000181,Customer 181,1543,Activo
PERF-000182,Customer 182,1546,Inactivo
PERF-000183,Customer 183,1549,Pendiente
PERF-000184,Customer 184,1552,Inactivo
PERF-000185,Customer 185,1555,Activo
PERF-000186,Customer 186,1558,Pendiente
PERF-000187,Customer 187,1561,Activo
PERF-000188,Customer 188,1564,Inactivo
PERF-000189,Customer 189,1567,Pendiente
PERF-000190,Customer 190,1570,Inactivo
PERF-000191,Customer 191,1573,Activo
PERF-000192,Customer 192,1576,Pendiente
PERF-000193,Customer 193,1579,Activo
PERF-000194,Customer 194,1582,Inactivo
PERF-000195,Customer 195,1585,Pendiente
PERF-000196,Customer 196,1588,Inactivo
PERF-000197,Customer 197,1591,Activo
PERF-000198,Customer 198,1594,Pendiente
PERF-000199,Customer 199,1597,Activo
PERF-000200,CUSTOMER 200,1620,inactivo
PERF-000201,Customer 201,1603,Pendiente
PERF-000202,Customer 202,1606,Inactivo
PERF-000203,Customer 203,1609,Activo
PERF-000204,Customer 204,1612,Pendiente
PERF-000205,Customer 205,1615,Activo
PERF-000206,Customer 206,1618,Inactivo
PERF-000207,Customer 207,1621,Pendiente
PERF-000208,Customer 208,1624,Inactivo
PERF-000209,Customer 209,1627,Activo
PERF-000210,Customer 210,1630,Pendiente
PERF-000211,Customer 211,1633,Activo
PERF-000212,Customer 212,1636,Inactivo
PERF-000213,Customer 213,1639,Pendiente
PERF-000214,Customer 214,1642,Inactivo
PERF-000215,Customer 215,1645,Activo
PERF-000216,Customer 216,1648,Pendiente
PERF-000217,Customer 217,1651,Activo
PERF-000218,Customer 218,1654,Inactivo
PERF-000219,Customer 219,1657,Pendiente
PERF-000220,CUSTOMER 220,1660,inactivo
PERF-000221,Customer 221,1663,Activo
PERF-000222,Customer 222,1666,Pendiente
PERF-000223,Customer 223,1669,Activo
PERF-000224,Customer 224,1672,Inactivo
PERF-000225,Customer 225,1675,Pendiente
PERF-000226,Customer 226,1678,Inactivo
PERF-000227,Customer 227,1681,Activo
PERF-000228,Customer 228,1684,Pendiente
PERF-000229,Customer 229,1687,Activo
PERF-000230,Customer 230,1690,Inactivo
PERF-000231,Customer 231,1693,Pendiente
PERF-000232,Customer 232,1696,Inactivo
PERF-000233,Customer 233,1699,Activo
PERF-000234,Customer 234,1702,Pendiente
PERF-000235,Customer 235,1705,Activo
PERF-000236,Customer 236,1708,Inactivo
PERF-000237,Customer 237,1711,Pendiente
PERF-000238,Customer 238,1714,Inactivo
PERF-000239,Customer 239,1717,Activo
PERF-000240,CUSTOMER 240,1720,pendiente
PERF-000241,Customer 241,1723,Activo
PERF-000242,Customer 242,1726,Inactivo
PERF-000243,Customer 243,1729,Pendiente
PERF-000244,Customer 244,1732,Inactivo
PERF-000245,Customer 245,1735,Activo
PERF-000246,Customer 246,1738,Pendiente
PERF-000247,Customer 247,1741,Activo
PERF-000248,Customer 248,1744,Inactivo
PERF-000249,Customer 249,1747,Pendiente
PERF-000250,Customer 250,1752,Inactivo
PERF-000251,Customer 251,1753,Activo
PERF-000252,Customer 252,1756,Pendiente
PERF-000253,Customer 253,1759,Activo
PERF-000254,Customer 254,1762,Inactivo
PERF-000255,Customer 255,1765,Pendiente
PERF-000256,Customer 256,1768,Inactivo
PERF-000257,Customer 257,1771,Activo
PERF-000258,Customer 258,1774,Pendiente
PERF-000259,Customer 259,1777,Activo
PERF-000260,CUSTOMER 260,1780,inactivo
PERF-000261,Customer 261,1783,Pendiente
PERF-000262,Customer 262,1786,Inactivo
PERF-000263,Customer 263,1789,Activo
PERF-000264,Customer 264,1792,Pendiente
PERF-000265,Customer 265,1795,Activo
PERF-000266,Customer 266,1798,Inactivo
PERF-000267,Customer 267,1801,Pendiente
PERF-000268,Customer 268,1804,Inactivo
PERF-000269,Customer 269,1807,Activo
PERF-000270,Customer 270,1810,Pendiente
PERF-000271,Customer 271,1813,Activo
PERF-000272,Customer 272,1816,Inactivo
PERF-000273,Customer 273,1819,Pendiente
PERF-000274,Customer 274,1822,Inactivo
PERF-000275,Customer 275,1825,Activo
PERF-000276,Customer 276,1828,Pendiente
PERF-000277,Customer 277,1831,Activo
PERF-000278,Customer 278,1834,Inactivo
PERF-000279,Customer 279,1837,Pendiente
PERF-000280,CUSTOMER 280,1840,inactivo
PERF-000281,Customer 281,1843,Activo
PERF-000282,Customer 282,1846,Pendiente
PERF-000283,Customer 283,1849,Activo
PERF-000284,Customer 284,1852,Inactivo
PERF-000285,Customer 285,1855,Pendiente
PERF-000286,Customer 286,1858,Inactivo
PERF-000287,Customer 287,1861,Activo
PERF-000288,Customer 288,1864,Pendiente
PERF-000289,Customer 289,1867,Activo
PERF-000290,Customer 290,1870,Inactivo
PERF-000291,Customer 291,1873,Pendiente
PERF-000292,Customer 292,1876,Inactivo
PERF-000293,Customer 293,1879,Activo
PERF-000294,Customer 294,1882,Pendiente
PERF-000295,Customer 295,1885,Activo
PERF-000296,Customer 296,1888,Inactivo
PERF-000297,Customer 297,1891,Pendiente
PERF-000298,Customer 298,1894,Inactivo
PERF-000299,Customer 299,1897,Activo
PERF-000300,CUSTOMER 300,1920,pendiente
PERF-000301,Customer 301,1903,Activo
PERF-000302,Customer 302,1906,Inactivo
PERF-000303,Customer 303,1909,Pendiente
PERF-000304,Customer 304,1912,Inactivo
PERF-000305,Customer 305,1915,Activo
PERF-000306,Customer 306,1918,Pendiente
PERF-000307,Customer 307,1921,Activo
PERF-000308,Customer 308,1924,Inactivo
PERF-000309,Customer 309,1927,Pendiente
PERF-000310,Customer 310,1930,Inactivo
PERF-000311,Customer 311,1933,Activo
PERF-000312,Customer 312,1936,Pendiente
PERF-000313,Customer 313,1939,Activo
PERF-000314,Customer 314,1942,Inactivo
PERF-000315,Customer 315,1945,Pendiente
PERF-000316,Customer 316,1948,Inactivo
PERF-000317,Customer 317,1951,Activo
PERF-000318,Customer 318,1954,Pendiente
PERF-000319,Customer 319,1957,Activo
PERF-000320,CUSTOMER 320,1960,inactivo
PERF-000321,Customer 321,1963,Pendiente
PERF-000322,Customer 322,1966,Inactivo
PERF-000323,Customer 323,1969,Activo
PERF-000324,Customer 324,1972,Pendiente
PERF-000325,Customer 325,1975,Activo
PERF-000326,Customer 326,1978,Inactivo
PERF-000327,Customer 327,1981,Pendiente
PERF-000328,Customer 328,1984,Inactivo
PERF-000329,Customer 329,1987,Activo
PERF-000330,Customer 330,1990,Pendiente
PERF-000331,Customer 331,1993,Activo
PERF-000332,Customer 332,1996,Inactivo
PERF-000333,Customer 333,1999,Pendiente
PERF-000334,Customer 334,2002,Inactivo
PERF-000335,Customer 335,2005,Activo
PERF-000336,Customer 336,2008,Pendiente
PERF-000337,Customer 337,2011,Activo
PERF-000338,Customer 338,2014,Inactivo
PERF-000339,Customer 339,2017,Pendiente
PERF-000340,CUSTOMER 340,2020,inactivo
PERF-000341,Customer 341,2023,Activo
PERF-000342,Customer 342,2026,Pendiente
PERF-000343,Customer 343,2029,Activo
PERF-000344,Customer 344,2032,Inactivo
PERF-000345,Customer 345,2035,Pendiente
PERF-000346,Customer 346,2038,Inactivo
PERF-000347,Customer 347,2041,Activo
PERF-000348,Customer 348,2044,Pendiente
PERF-000349,Customer 349,2047,Activo
PERF-000350,Customer 350,2052,Inactivo
PERF-000351,Customer 351,2053,Pendiente
PERF-000352,Customer 352,2056,Inactivo
PERF-000353,Customer 353,2059,Activo
PERF-000354,Customer 354,2062,Pendiente
PERF-000355,Customer 355,2065,Activo
PERF-000356,Customer 356,2068,Inactivo
PERF-000357,Customer 357,2071,Pendiente
PERF-000358,Customer 358,2074,Inactivo
PERF-000359,Customer 359,2077,Activo
PERF-000360,CUSTOMER 360,2080,pendiente
PERF-000361,Customer 361,2083,Activo
PERF-000362,Customer 362,2086,Inactivo
PERF-000363,Customer 363,2089,Pendiente
PERF-000364,Customer 364,2092,Inactivo
PERF-000365,Customer 365,2095,Activo
PERF-000366,Customer 366,2098,Pendiente
PERF-000367,Customer 367,2101,Activo
PERF-000368,Customer 368,2104,Inactivo
PERF-000369,Customer 369,2107,Pendiente
PERF-000370,Customer 370,2110,Inactivo
PERF-000371,Customer 371,2113,Activo
PERF-000372,Customer 372,2116,Pendiente
PERF-000373,Customer 373,2119,Activo
PERF-000374,Customer 374,2122,Inactivo
PERF-000375,Customer 375,2125,Pendiente
PERF-000376,Customer 376,2128,Inactivo
PERF-000377,Customer 377,2131,Activo
PERF-000378,Customer 378,2134,Pendiente
PERF-000379,Customer 379,2137,Activo
PERF-000380,CUSTOMER 380,2140,inactivo
PERF-000381,Customer 381,2143,Pendiente
PERF-000382,Customer 382,2146,Inactivo
PERF-000383,Customer 383,2149,Activo
PERF-000384,Customer 384,2152,Pendiente
PERF-000385,Customer 385,2155,Activo
PERF-000386,Customer 386,2158,Inactivo
PERF-000387,Customer 387,2161,Pendiente
PERF-000388,Customer 388,2164,Inactivo
PERF-000389,Customer 389,2167,Activo
PERF-000390,Customer 390,2170,Pendiente
PERF-000391,Customer 391,2173,Activo
PERF-000392,Customer 392,2176,Inactivo
PERF-000393,Customer 393,2179,Pendiente
PERF-000394,Customer 394,2182,Inactivo
PERF-000395,Customer 395,2185,Activo
PERF-000396,Customer 396,2188,Pendiente
PERF-000397,Customer 397,2191,Activo
PERF-000398,Customer 398,2194,Inactivo
PERF-000399,Customer 399,2197,Pendiente
PERF-000400,CUSTOMER 400,2220,inactivo
PERF-000401,Customer 401,2203,Activo
PERF-000402,Customer 402,2206,Pendiente
PERF-000403,Customer 403,2209,Activo
PERF-000404,Customer 404,2212,Inactivo
PERF-000405,Customer 405,2215,Pendiente
PERF-000406,Customer 406,2218,Inactivo
PERF-000407,Customer 407,2221,Activo
PERF-000408,Customer 408,2224,Pendiente
PERF-000409,Customer 409,2227,Activo
PERF-000410,Customer 410,2230,Inactivo
PERF-000411,Customer 411,2233,Pendiente
PERF-000412,Customer 412,2236,Inactivo
PERF-000413,Customer 413,2239,Activo
PERF-000414,Customer 414,2242,Pendiente
PERF-000415,Customer 415,2245,Activo
PERF-000416,Customer 416,2248,Inactivo
PERF-000417,Customer 417,2251,Pendiente
PERF-000418,Customer 418,2254,Inactivo
PERF-000419,Customer 419,2257,Activo
PERF-000420,CUSTOMER 420,2260,pendiente
PERF-000421,Customer 421,2263,Activo
PERF-000422,Customer 422,2266,Inactivo
PERF-000423,Customer 423,2269,Pendiente
PERF-000424,Customer 424,2272,Inactivo
PERF-000425,Customer 425,2275,Activo
PERF-000426,Customer 426,2278,Pendiente
PERF-000427,Customer 427,2281,Activo
PERF-000428,Customer 428,2284,Inactivo
PERF-000429,Customer 429,2287,Pendiente
PERF-000430,Customer 430,2290,Inactivo
PERF-000431,Customer 431,2293,Activo
PERF-000432,Customer 432,2296,Pendiente
PERF-000433,Customer 433,2299,Activo
PERF-000434,Customer 434,2302,Inactivo
PERF-000435,Customer 435,2305,Pendiente
PERF-000436,Customer 436,2308,Inactivo
PERF-000437,Customer 437,2311,Activo
PERF-000438,Customer 438,2314,Pendiente
PERF-000439,Customer 439,2317,Activo
PERF-000440,CUSTOMER 440,2320,inactivo
PERF-000441,Customer 441,2323,Pendiente
PERF-000442,Customer 442,2326,Inactivo
PERF-000443,Customer 443,2329,Activo
PERF-000444,Customer 444,2332,Pendiente
PERF-000445,Customer 445,2335,Activo
PERF-000446,Customer 446,2338,Inactivo
PERF-000447,Customer 447,2341,Pendiente
PERF-000448,Customer 448,2344,Inactivo
PERF-000449,Customer 449,2347,Activo
PERF-000450,Customer 450,2352,Pendiente
PERF-000451,Customer 451,2353,Activo
PERF-000452,Customer 452,2356,Inactivo
PERF-000453,Customer 453,2359,Pendiente
PERF-000454,Customer 454,2362,Inactivo
PERF-000455,Customer 455,2365,Activo
PERF-000456,Customer 456,2368,Pendiente
PERF-000457,Customer 457,2371,Activo
PERF-000458,Customer 458,2374,Inactivo
PERF-000459,Customer 459,2377,Pendiente
PERF-000460,CUSTOMER 460,2380,inactivo
PERF-000461,Customer 461,2383,Activo
PERF-000462,Customer 462,2386,Pendiente
PERF-000463,Customer 463,2389,Activo
PERF-000464,Customer 464,2392,Inactivo
PERF-000465,Customer 465,2395,Pendiente
PERF-000466,Customer 466,2398,Inactivo
PERF-000467,Customer 467,2401,Activo
PERF-000468,Customer 468,2404,Pendiente
PERF-000469,Customer 469,2407,Activo
PERF-000470,Customer 470,2410,Inactivo
PERF-000471,Customer 471,2413,Pendiente
PERF-000472,Customer 472,2416,Inactivo
PERF-000473,Customer 473,2419,Activo
PERF-000474,Customer 474,2422,Pendiente
PERF-000475,Customer 475,2425,Activo
PERF-000476,Customer 476,2428,Inactivo
PERF-000477,Customer 477,2431,Pendiente
PERF-000478,Customer 478,2434,Inactivo
PERF-000479,Customer 479,2437,Activo
PERF-000480,CUSTOMER 480,2440,pendiente
PERF-000481,Customer 481,2443,Activo
PERF-000482,Customer 482,2446,Inactivo
PERF-000483,Customer 483,2449,Pendiente
PERF-000484,Customer 484,2452,Inactivo
PERF-000485,Customer 485,2455,Activo
PERF-000486,Customer 486,2458,Pendiente
PERF-000487,Customer 487,2461,Activo
PERF-000488,Customer 488,2464,Inactivo
PERF-000489,Customer 489,2467,Pendiente
PERF-000490,Customer 490,2470,Inactivo
PERF-000491,Customer 491,2473,Activo
PERF-000492,Customer 492,2476,Pendiente
PERF-000493,Customer 493,2479,Activo
PERF-000494,Customer 494,2482,Inactivo
PERF-000495,Customer 495,2485,Pendiente
PERF-000496,Customer 496,2488,Inactivo
PERF-000497,Customer 497,2491,Activo
PERF-000498,Customer 498,2494,Pendiente
PERF-000499,Customer 499,2497,Activo
PERF-000500,CUSTOMER 500,2520,inactivo
PERF-000501,Customer 501,2503,Pendiente
PERF-000502,Customer 502,2506,Inactivo
PERF-000503,Customer 503,2509,Activo
PERF-000504,Customer 504,2512,Pendiente
PERF-000505,Customer 505,2515,Activo
PERF-000506,Customer 506,2518,Inactivo
PERF-000507,Customer 507,2521,Pendiente
PERF-000508,Customer 508,2524,Inactivo
PERF-000509,Customer 509,2527,Activo
PERF-000510,Customer 510,2530,Pendiente
PERF-000511,Customer 511,2533,Activo
PERF-000512,Customer 512,2536,Inactivo
PERF-000513,Customer 513,2539,Pendiente
PERF-000514,Customer 514,2542,Inactivo
PERF-000515,Customer 515,2545,Activo
PERF-000516,Customer 516,2548,Pendiente
PERF-000517,Customer 517,2551,Activo
PERF-000518,Customer 518,2554,Inactivo
PERF-000519,Customer 519,2557,Pendiente
PERF-000520,CUSTOMER 520,2560,inactivo
PERF-000521,Customer 521,2563,Activo
PERF-000522,Customer 522,2566,Pendiente
PERF-000523,Customer 523,2569,Activo
PERF-000524,Customer 524,2572,Inactivo
PERF-000525,Customer 525,2575,Pendiente
PERF-000526,Customer 526,2578,Inactivo
PERF-000527,Customer 527,2581,Activo
PERF-000528,Customer 528,2584,Pendiente
PERF-000529,Customer 529,2587,Activo
PERF-000530,Customer 530,2590,Inactivo
PERF-000531,Customer 531,2593,Pendiente
PERF-000532,Customer 532,2596,Inactivo
PERF-000533,Customer 533,2599,Activo
PERF-000534,Customer 534,2602,Pendiente
PERF-000535,Customer 535,2605,Activo
PERF-000536,Customer 536,2608,Inactivo
PERF-000537,Customer 537,2611,Pendiente
PERF-000538,Customer 538,2614,Inactivo
PERF-000539,Customer 539,2617,Activo
PERF-000540,CUSTOMER 540,2620,pendiente
PERF-000541,Customer 541,2623,Activo
PERF-000542,Customer 542,2626,Inactivo
PERF-000543,Customer 543,2629,Pendiente
PERF-000544,Customer 544,2632,Inactivo
PERF-000545,Customer 545,2635,Activo
PERF-000546,Customer 546,2638,Pendiente
PERF-000547,Customer 547,2641,Activo
PERF-000548,Customer 548,2644,Inactivo
PERF-000549,Customer 549,2647,Pendiente
PERF-000550,Customer 550,2652,Inactivo
PERF-000551,Customer 551,2653,Activo
PERF-000552,Customer 552,2656,Pendiente
PERF-000553,Customer 553,2659,Activo
PERF-000554,Customer 554,2662,Inactivo
PERF-000555,Customer 555,2665,Pendiente
PERF-000556,Customer 556,2668,Inactivo
PERF-000557,Customer 557,2671,Activo
PERF-000558,Customer 558,2674,Pendiente
PERF-000559,Customer 559,2677,Activo
PERF-000560,CUSTOMER 560,2680,inactivo
PERF-000561,Customer 561,2683,Pendiente
PERF-000562,Customer 562,2686,Inactivo
PERF-000563,Customer 563,2689,Activo
PERF-000564,Customer 564,2692,Pendiente
PERF-000565,Customer 565,2695,Activo
PERF-000566,Customer 566,2698,Inactivo
PERF-000567,Customer 567,2701,Pendiente
PERF-000568,Customer 568,2704,Inactivo
PERF-000569,Customer 569,2707,Activo
PERF-000570,Customer 570,2710,Pendiente
PERF-000571,Customer 571,2713,Activo
PERF-000572,Customer 572,2716,Inactivo
PERF-000573,Customer 573,2719,Pendiente
PERF-000574,Customer 574,2722,Inactivo
PERF-000575,Customer 575,2725,Activo
PERF-000576,Customer 576,2728,Pendiente
PERF-000577,Customer 577,2731,Activo
PERF-000578,Customer 578,2734,Inactivo
PERF-000579,Customer 579,2737,Pendiente
PERF-000580,CUSTOMER 580,2740,inactivo
PERF-000581,Customer 581,2743,Activo
PERF-000582,Customer 582,2746,Pendiente
PERF-000583,Customer 583,2749,Activo
PERF-000584,Customer 584,2752,Inactivo
PERF-000585,Customer 585,2755,Pendiente
PERF-000586,Customer 586,2758,Inactivo
PERF-000587,Customer 587,2761,Activo
PERF-000588,Customer 588,2764,Pendiente
PERF-000589,Customer 589,2767,Activo
PERF-000590,Customer 590,2770,Inactivo
PERF-000591,Customer 591,2773,Pendiente
PERF-000592,Customer 592,2776,Inactivo
PERF-000593,Customer 593,2779,Activo
PERF-000594,Customer 594,2782,Pendiente
PERF-000595,Customer 595,2785,Activo
PERF-000596,Customer 596,2788,Inactivo
PERF-000597,Customer 597,2791,Pendiente
PERF-000598,Customer 598,2794,Inactivo
PERF-000599,Customer 599,2797,Activo
PERF-000600,CUSTOMER 600,2820,pendiente
PERF-000601,Customer 601,2803,Activo
PERF-000602,Customer 602,2806,Inactivo
PERF-000603,Customer 603,2809,Pendiente
PERF-000604,Customer 604,2812,Inactivo
PERF-000605,Customer 605,2815,Activo
PERF-000606,Customer 606,2818,Pendiente
PERF-000607,Customer 607,2821,Activo
PERF-000608,Customer 608,2824,Inactivo
PERF-000609,Customer 609,2827,Pendiente
PERF-000610,Customer 610,2830,Inactivo
PERF-000611,Customer 611,2833,Activo
PERF-000612,Customer 612,2836,Pendiente
PERF-000613,Customer 613,2839,Activo
PERF-000614,Customer 614,2842,Inactivo
PERF-000615,Customer 615,2845,Pendiente
PERF-000616,Customer 616,2848,Inactivo
PERF-000617,Customer 617,2851,Activo
PERF-000618,Customer 618,2854,Pendiente
PERF-000619,Customer 619,2857,Activo
PERF-000620,CUSTOMER 620,2860,inactivo
PERF-000621,Customer 621,2863,Pendiente
PERF-000622,Customer 622,2866,Inactivo
PERF-000623,Customer 623,2869,Activo
PERF-000624,Customer 624,2872,Pendiente
PERF-000625,Customer 625,2875,Activo
PERF-000626,Customer 626,2878,Inactivo
PERF-000627,Customer 627,2881,Pendiente
PERF-000628,Customer 628,2884,Inactivo
PERF-000629,Customer 629,2887,Activo
PERF-000630,Customer 630,2890,Pendiente
PERF-000631,Customer 631,2893,Activo
PERF-000632,Customer 632,2896,Inactivo
PERF-000633,Customer 633,2899,Pendiente
PERF-000634,Customer 634,2902,Inactivo
PERF-000635,Customer 635,2905,Activo
PERF-000636,Customer 636,2908,Pendiente
PERF-000637,Customer 637,2911,Activo
PERF-000638,Customer 638,2914,Inactivo
PERF-000639,Customer 639,2917,Pendiente
PERF-000640,CUSTOMER 640,2920,inactivo
PERF-000641,Customer 641,2923,Activo
PERF-000642,Customer 642,2926,Pendiente
PERF-000643,Customer 643,2929,Activo
PERF-000644,Customer 644,2932,Inactivo
PERF-000645,Customer 645,2935,Pendiente
PERF-000646,Customer 646,2938,Inactivo
PERF-000647,Customer 647,2941,Activo
PERF-000648,Customer 648,2944,Pendiente
PERF-000649,Customer 649,2947,Activo
PERF-000650,Customer 650,2952,Inactivo
PERF-000651,Customer 651,2953,Pendiente
PERF-000652,Customer 652,2956,Inactivo
PERF-000653,Customer 653,2959,Activo
PERF-000654,Customer 654,2962,Pendiente
PERF-000655,Customer 655,2965,Activo
PERF-000656,Customer 656,2968,Inactivo
PERF-000657,Customer 657,2971,Pendiente
PERF-000658,Customer 658,2974,Inactivo
PERF-000659,Customer 659,2977,Activo
PERF-000660,CUSTOMER 660,2980,pendiente
PERF-000661,Customer 661,2983,Activo
PERF-000662,Customer 662,2986,Inactivo
PERF-000663,Customer 663,2989,Pendiente
PERF-000664,Customer 664,2992,Inactivo
PERF-000665,Customer 665,2995,Activo
PERF-000666,Customer 666,2998,Pendiente
PERF-000667,Customer 667,3001,Activo
PERF-000668,Customer 668,3004,Inactivo
PERF-000669,Customer 669,3007,Pendiente
PERF-000670,Customer 670,3010,Inactivo
PERF-000671,Customer 671,3013,Activo
PERF-000672,Customer 672,3016,Pendiente
PERF-000673,Customer 673,3019,Activo
PERF-000674,Customer 674,3022,Inactivo
PERF-000675,Customer 675,3025,Pendiente
PERF-000676,Customer 676,3028,Inactivo
PERF-000677,Customer 677,3031,Activo
PERF-000678,Customer 678,3034,Pendiente
PERF-000679,Customer 679,3037,Activo
PERF-000680,CUSTOMER 680,3040,inactivo
PERF-000681,Customer 681,3043,Pendiente
PERF-000682,Customer 682,3046,Inactivo
PERF-000683,Customer 683,3049,Activo
PERF-000684,Customer 684,3052,Pendiente
PERF-000685,Customer 685,3055,Activo
PERF-000686,Customer 686,3058,Inactivo
PERF-000687,Customer 687,3061,Pendiente
PERF-000688,Customer 688,3064,Inactivo
PERF-000689,Customer 689,3067,Activo
PERF-000690,Customer 690,3070,Pendiente
PERF-000691,Customer 691,3073,Activo
PERF-000692,Customer 692,3076,Inactivo
PERF-000693,Customer 693,3079,Pendiente
PERF-000694,Customer 694,3082,Inactivo
PERF-000695,Customer 695,3085,Activo
PERF-000696,Customer 696,3088,Pendiente
PERF-000697,Customer 697,3091,Activo
PERF-000698,Customer 698,3094,Inactivo
PERF-000699,Customer 699,3097,Pendiente
PERF-000700,CUSTOMER 700,3120,inactivo
PERF-000701,Customer 701,3103,Activo
PERF-000702,Customer 702,3106,Pendiente
PERF-000703,Customer 703,3109,Activo
PERF-000704,Customer 704,3112,Inactivo
PERF-000705,Customer 705,3115,Pendiente
PERF-000706,Customer 706,3118,Inactivo
PERF-000707,Customer 707,3121,Activo
PERF-000708,Customer 708,3124,Pendiente
PERF-000709,Customer 709,3127,Activo
PERF-000710,Customer 710,3130,Inactivo
PERF-000711,Customer 711,3133,Pendiente
PERF-000712,Customer 712,3136,Inactivo
PERF-000713,Customer 713,3139,Activo
PERF-000714,Customer 714,3142,Pendiente
PERF-000715,Customer 715,3145,Activo
PERF-000716,Customer 716,3148,Inactivo
PERF-000717,Customer 717,3151,Pendiente
PERF-000718,Customer 718,3154,Inactivo
PERF-000719,Customer 719,3157,Activo
PERF-000720,CUSTOMER 720,3160,pendiente
PERF-000721,Customer 721,3163,Activo
PERF-000722,Customer 722,3166,Inactivo
PERF-000723,Customer 723,3169,Pendiente
PERF-000724,Customer 724,3172,Inactivo
PERF-000725,Customer 725,3175,Activo
PERF-000726,Customer 726,3178,Pendiente
PERF-000727,Customer 727,3181,Activo
PERF-000728,Customer 728,3184,Inactivo
PERF-000729,Customer 729,3187,Pendiente
PERF-000730,Customer 730,3190,Inactivo
PERF-000731,Customer 731,3193,Activo
PERF-000732,Customer 732,3196,Pendiente
PERF-000733,Customer 733,3199,Activo
PERF-000734,Customer 734,3202,Inactivo
PERF-000735,Customer 735,3205,Pendiente
PERF-000736,Customer 736,3208,Inactivo
PERF-000737,Customer 737,3211,Activo
PERF-000738,Customer 738,3214,Pendiente
PERF-000739,Customer 739,3217,Activo
PERF-000740,CUSTOMER 740,3220,inactivo
PERF-000741,Customer 741,3223,Pendiente
PERF-000742,Customer 742,3226,Inactivo
PERF-000743,Customer 743,3229,Activo
PERF-000744,Customer 744,3232,Pendiente
PERF-000745,Customer 745,3235,Activo
PERF-000746,Customer 746,3238,Inactivo
PERF-000747,Customer 747,3241,Pendiente
PERF-000748,Customer 748,3244,Inactivo
PERF-000749,Customer 749,3247,Activo
PERF-000750,Customer 750,3252,Pendiente
PERF-000751,Customer 751,3253,Activo
PERF-000752,Customer 752,3256,Inactivo
PERF-000753,Customer 753,3259,Pendiente
PERF-000754,Customer 754,3262,Inactivo
PERF-000755,Customer 755,3265,Activo
PERF-000756,Customer 756,3268,Pendiente
PERF-000757,Customer 757,3271,Activo
PERF-000758,Customer 758,3274,Inactivo
PERF-000759,Customer 759,3277,Pendiente
PERF-000760,CUSTOMER 760,3280,inactivo
PERF-000761,Customer 761,3283,Activo
PERF-000762,Customer 762,3286,Pendiente
PERF-000763,Customer 763,3289,Activo
PERF-000764,Customer 764,3292,Inactivo
PERF-000765,Customer 765,3295,Pendiente
PERF-000766,Customer 766,3298,Inactivo
PERF-000767,Customer 767,3301,Activo
PERF-000768,Customer 768,3304,Pendiente
PERF-000769,Customer 769,3307,Activo
PERF-000770,Customer 770,3310,Inactivo
PERF-000771,Customer 771,3313,Pendiente
PERF-000772,Customer 772,3316,Inactivo
PERF-000773,Customer 773,3319,Activo
PERF-000774,Customer 774,3322,Pendiente
PERF-000775,Customer 775,3325,Activo
PERF-000776,Customer 776,3328,Inactivo
PERF-000777,Customer 777,3331,Pendiente
PERF-000778,Customer 778,3334,Inactivo
PERF-000779,Customer 779,3337,Activo
PERF-000780,CUSTOMER 780,3340,pendiente
PERF-000781,Customer 781,3343,Activo
PERF-000782,Customer 782,3346,Inactivo
PERF-000783,Customer 783,3349,Pendiente
PERF-000784,Customer 784,3352,Inactivo
PERF-000785,Customer 785,3355,Activo
PERF-000786,Customer 786,3358,Pendiente
PERF-000787,Customer 787,3361,Activo
PERF-000788,Customer 788,3364,Inactivo
PERF-000789,Customer 789,3367,Pendiente
PERF-000790,Customer 790,3370,Inactivo
PERF-000791,Customer 791,3373,Activo
PERF-000792,Customer 792,3376,Pendiente
PERF-000793,Customer 793,3379,Activo
PERF-000794,Customer 794,3382,Inactivo
PERF-000795,Customer 795,3385,Pendiente
PERF-000796,Customer 796,3388,Inactivo
PERF-000797,Customer 797,3391,Activo
PERF-000798,Customer 798,3394,Pendiente
PERF-000799,Customer 799,3397,Activo
PERF-000800,CUSTOMER 800,3420,inactivo
PERF-000801,Customer 801,3403,Pendiente
PERF-000802,Customer 802,3406,Inactivo
PERF-000803,Customer 803,3409,Activo
PERF-000804,Customer 804,3412,Pendiente
PERF-000805,Customer 805,3415,Activo
PERF-000806,Customer 806,3418,Inactivo
PERF-000807,Customer 807,3421,Pendiente
PERF-000808,Customer 808,3424,Inactivo
PERF-000809,Customer 809,3427,Activo
PERF-000810,Customer 810,3430,Pendiente
PERF-000811,Customer 811,3433,Activo
PERF-000812,Customer 812,3436,Inactivo
PERF-000813,Customer 813,3439,Pendiente
PERF-000814,Customer 814,3442,Inactivo
PERF-000815,Customer 815,3445,Activo
PERF-000816,Customer 816,3448,Pendiente
PERF-000817,Customer 817,3451,Activo
PERF-000818,Customer 818,3454,Inactivo
PERF-000819,Customer 819,3457,Pendiente
PERF-000820,CUSTOMER 820,3460,inactivo
PERF-000821,Customer 821,3463,Activo
PERF-000822,Customer 822,3466,Pendiente
PERF-000823,Customer 823,3469,Activo
PERF-000824,Customer 824,3472,Inactivo
PERF-000825,Customer 825,3475,Pendiente
PERF-000826,Customer 826,3478,Inactivo
PERF-000827,Customer 827,3481,Activo
PERF-000828,Customer 828,3484,Pendiente
PERF-000829,Customer 829,3487,Activo
PERF-000830,Customer 830,3490,Inactivo
PERF-000831,Customer 831,3493,Pendiente
PERF-000832,Customer 832,3496,Inactivo
PERF-000833,Customer 833,3499,Activo
PERF-000834,Customer 834,3502,Pendiente
PERF-000835,Customer 835,3505,Activo
PERF-000836,Customer 836,3508,Inactivo
PERF-000837,Customer 837,3511,Pendiente
PERF-000838,Customer 838,3514,Inactivo
PERF-000839,Customer 839,3517,Activo
PERF-000840,CUSTOMER 840,3520,pendiente
PERF-000841,Customer 841,3523,Activo
PERF-000842,Customer 842,3526,Inactivo
PERF-000843,Customer 843,3529,Pendiente
PERF-000844,Customer 844,3532,Inactivo
PERF-000845,Customer 845,3535,Activo
PERF-000846,Customer 846,3538,Pendiente
PERF-000847,Customer 847,3541,Activo
PERF-000848,Customer 848,3544,Inactivo
PERF-000849,Customer 849,3547,Pendiente
PERF-000850,Customer 850,3552,Inactivo
PERF-000851,Customer 851,3553,Activo
PERF-000852,Customer 852,3556,Pendiente
PERF-000853,Customer 853,3559,Activo
PERF-000854,Customer 854,3562,Inactivo
PERF-000855,Customer 855,3565,Pendiente
PERF-000856,Customer 856,3568,Inactivo
PERF-000857,Customer 857,3571,Activo
PERF-000858,Customer 858,3574,Pendiente
PERF-000859,Customer 859,3577,Activo
PERF-000860,CUSTOMER 860,3580,inactivo
PERF-000861,Customer 861,3583,Pendiente
PERF-000862,Customer 862,3586,Inactivo
PERF-000863,Customer 863,3589,Activo
PERF-000864,Customer 864,3592,Pendiente
PERF-000865,Customer 865,3595,Activo
PERF-000866,Customer 866,3598,Inactivo
PERF-000867,Customer 867,3601,Pendiente
PERF-000868,Customer 868,3604,Inactivo
PERF-000869,Customer 869,3607,Activo
PERF-000870,Customer 870,3610,Pendiente
PERF-000871,Customer 871,3613,Activo
PERF-000872,Customer 872,3616,Inactivo
PERF-000873,Customer 873,3619,Pendiente
PERF-000874,Customer 874,3622,Inactivo
PERF-000875,Customer 875,3625,Activo
PERF-000876,Customer 876,3628,Pendiente
PERF-000877,Customer 877,3631,Activo
PERF-000878,Customer 878,3634,Inactivo
PERF-000879,Customer 879,3637,Pendiente
PERF-000880,CUSTOMER 880,3640,inactivo
PERF-000881,Customer 881,3643,Activo
PERF-000882,Customer 882,3646,Pendiente
PERF-000883,Customer 883,3649,Activo
PERF-000884,Customer 884,3652,Inactivo
PERF-000885,Customer 885,3655,Pendiente
PERF-000886,Customer 886,3658,Inactivo
PERF-000887,Customer 887,3661,Activo
PERF-000888,Customer 888,3664,Pendiente
PERF-000889,Customer 889,3667,Activo
PERF-000890,Customer 890,3670,Inactivo
PERF-000891,Customer 891,3673,Pendiente
PERF-000892,Customer 892,3676,Inactivo
PERF-000893,Customer 893,3679,Activo
PERF-000894,Customer 894,3682,Pendiente
PERF-000895,Customer 895,3685,Activo
PERF-000896,Customer 896,3688,Inactivo
PERF-000897,Customer 897,3691,Pendiente
PERF-000898,Customer 898,3694,Inactivo
PERF-000899,Customer 899,3697,Activo
PERF-000900,CUSTOMER 900,3720,pendiente
PERF-000901,Customer 901,3703,Activo
PERF-000902,Customer 902,3706,Inactivo
PERF-000903,Customer 903,3709,Pendiente
PERF-000904,Customer 904,3712,Inactivo
PERF-000905,Customer 905,3715,Activo
PERF-000906,Customer 906,3718,Pendiente
PERF-000907,Customer 907,3721,Activo
PERF-000908,Customer 908,3724,Inactivo
PERF-000909,Customer 909,3727,Pendiente
PERF-000910,Customer 910,3730,Inactivo
PERF-000911,Customer 911,3733,Activo
PERF-000912,Customer 912,3736,Pendiente
PERF-000913,Customer 913,3739,Activo
PERF-000914,Customer 914,3742,Inactivo
PERF-000915,Customer 915,3745,Pendiente
PERF-000916,Customer 916,3748,Inactivo
PERF-000917,Customer 917,3751,Activo
PERF-000918,Customer 918,3754,Pendiente
PERF-000919,Customer 919,3757,Activo
PERF-000920,CUSTOMER 920,3760,inactivo
PERF-000921,Customer 921,3763,Pendiente
PERF-000922,Customer 922,3766,Inactivo
PERF-000923,Customer 923,3769,Activo
PERF-000924,Customer 924,3772,Pendiente
PERF-000925,Customer 925,3775,Activo
PERF-000926,Customer 926,3778,Inactivo
PERF-000927,Customer 927,3781,Pendiente
PERF-000928,Customer 928,3784,Inactivo
PERF-000929,Customer 929,3787,Activo
PERF-000930,Customer 930,3790,Pendiente
PERF-000931,Customer 931,3793,Activo
PERF-000932,Customer 932,3796,Inactivo
PERF-000933,Customer 933,3799,Pendiente
PERF-000934,Customer 934,3802,Inactivo
PERF-000935,Customer 935,3805,Activo
PERF-000936,Customer 936,3808,Pendiente
PERF-000937,Customer 937,3811,Activo
PERF-000938,Customer 938,3814,Inactivo
PERF-000939,Customer 939,3817,Pendiente
PERF-000940,CUSTOMER 940,3820,inactivo
PERF-000941,Customer 941,3823,Activo
PERF-000942,Customer 942,3826,Pendiente
PERF-000943,Customer 943,3829,Activo
PERF-000944,Customer 944,3832,Inactivo
PERF-000945,Customer 945,3835,Pendiente
PERF-000946,Customer 946,3838,Inactivo
PERF-000947,Customer 947,3841,Activo
PERF-000948,Customer 948,3844,Pendiente
PERF-000949,Customer 949,3847,Activo
PERF-000950,Customer 950,3852,Inactivo
PERF-000951,Customer 951,3853,Pendiente
PERF-000952,Customer 952,3856,Inactivo
PERF-000953,Customer 953,3859,Activo
PERF-000954,Customer 954,3862,Pendiente
PERF-000955,Customer 955,3865,Activo
PERF-000956,Customer 956,3868,Inactivo
PERF-000957,Customer 957,3871,Pendiente
PERF-000958,Customer 958,3874,Inactivo
PERF-000959,Customer 959,3877,Activo
PERF-000960,CUSTOMER 960,3880,pendiente
PERF-000961,Customer 961,3883,Activo
PERF-000962,Customer 962,3886,Inactivo
PERF-000963,Customer 963,3889,Pendiente
PERF-000964,Customer 964,3892,Inactivo
PERF-000965,Customer 965,3895,Activo
PERF-000966,Customer 966,3898,Pendiente
PERF-000967,Customer 967,3901,Activo
PERF-000968,Customer 968,3904,Inactivo
PERF-000969,Customer 969,3907,Pendiente
PERF-000970,Customer 970,3910,Inactivo
PERF-000971,Customer 971,3913,Activo
PERF-000972,Customer 972,3916,Pendiente
PERF-000973,Customer 973,3919,Activo
PERF-000974,Customer 974,3922,Inactivo
PERF-000975,Customer 975,3925,Pendiente
PERF-000976,Customer 976,3928,Inactivo
PERF-000977,Customer 977,3931,Activo
PERF-000978,Customer 978,3934,Pendiente
PERF-000979,Customer 979,3937,Activo
PERF-000980,CUSTOMER 980,3940,inactivo
PERF-000981,Customer 981,3943,Pendiente
PERF-000982,Customer 982,3946,Inactivo
PERF-000983,Customer 983,3949,Activo
PERF-000984,Customer 984,3952,Pendiente
PERF-000985,Customer 985,3955,Activo
PERF-000986,Customer 986,3958,Inactivo
PERF-000987,Customer 987,3961,Pendiente
PERF-000988,Customer 988,3964,Inactivo
PERF-000989,Customer 989,3967,Activo
PERF-000990,Customer 990,3970,Pendiente
PERF-000991,Customer 991,3973,Activo
PERF-000992,Customer 992,3976,Inactivo
PERF-000993,Customer 993,3979,Pendiente
PERF-000994,Customer 994,3982,Inactivo
PERF-000995,Customer 995,3985,Activo
PERF-000996,Customer 996,3988,Pendiente
PERF-000997,Customer 997,3991,Activo
PERF-000998,Customer 998,3994,Inactivo
PERF-000999,Customer 999,3997,Pendiente
PERF-001000,CUSTOMER 1000,4020,inactivo
PERF-001001,Customer 1001,4003,Activo
PERF-001002,Customer 1002,4006,Pendiente
PERF-001003,Customer 1003,4009,Activo
PERF-001004,Customer 1004,4012,Inactivo
PERF-001005,Customer 1005,4015,Pendiente
PERF-001006,Customer 1006,4018,Inactivo
PERF-001007,Customer 1007,4021,Activo
PERF-001008,Customer 1008,4024,Pendiente
PERF-001009,Customer 1009,4027,Activo
PERF-001010,Customer 1010,4030,Inactivo
PERF-001011,Customer 1011,4033,Pendiente
PERF-001012,Customer 1012,4036,Inactivo
PERF-001013,Customer 1013,4039,Activo
PERF-001014,Customer 1014,4042,Pendiente
PERF-001015,Customer 1015,4045,Activo
PERF-001016,Customer 1016,4048,Inactivo
PERF-001017,Customer 1017,4051,Pendiente
PERF-001018,Customer 1018,4054,Inactivo
PERF-001019,Customer 1019,4057,Activo
PERF-001020,CUSTOMER 1020,4060,pendiente
PERF-001021,Customer 1021,4063,Activo
PERF-001022,Customer 1022,4066,Inactivo
PERF-001023,Customer 1023,4069,Pendiente
PERF-001024,Customer 1024,4072,Inactivo
PERF-001025,Customer 1025,4075,Activo
PERF-001026,Customer 1026,4078,Pendiente
PERF-001027,Customer 1027,4081,Activo
PERF-001028,Customer 1028,4084,Inactivo
PERF-001029,Customer 1029,4087,Pendiente
PERF-001030,Customer 1030,4090,Inactivo
PERF-001031,Customer 1031,4093,Activo
PERF-001032,Customer 1032,4096,Pendiente
PERF-001033,Customer 1033,4099,Activo
PERF-001034,Customer 1034,4102,Inactivo
PERF-001035,Customer 1035,4105,Pendiente
PERF-001036,Customer 1036,4108,Inactivo
PERF-001037,Customer 1037,4111,Activo
PERF-001038,Customer 1038,4114,Pendiente
PERF-001039,Customer 1039,4117,Activo
PERF-001040,CUSTOMER 1040,4120,inactivo
PERF-001041,Customer 1041,4123,Pendiente
PERF-001042,Customer 1042,4126,Inactivo
PERF-001043,Customer 1043,4129,Activo
PERF-001044,Customer 1044,4132,Pendiente
PERF-001045,Customer 1045,4135,Activo
PERF-001046,Customer 1046,4138,Inactivo
PERF-001047,Customer 1047,4141,Pendiente
PERF-001048,Customer 1048,4144,Inactivo
PERF-001049,Customer 1049,4147,Activo
PERF-001050,Customer 1050,4152,Pendiente
PERF-001051,Customer 1051,4153,Activo
PERF-001052,Customer 1052,4156,Inactivo
PERF-001053,Customer 1053,4159,Pendiente
PERF-001054,Customer 1054,4162,Inactivo
PERF-001055,Customer 1055,4165,Activo
PERF-001056,Customer 1056,4168,Pendiente
PERF-001057,Customer 1057,4171,Activo
PERF-001058,Customer 1058,4174,Inactivo
PERF-001059,Customer 1059,4177,Pendiente
PERF-001060,CUSTOMER 1060,4180,inactivo
PERF-001061,Customer 1061,4183,Activo
PERF-001062,Customer 1062,4186,Pendiente
PERF-001063,Customer 1063,4189,Activo
PERF-001064,Customer 1064,4192,Inactivo
PERF-001065,Customer 1065,4195,Pendiente
PERF-001066,Customer 1066,4198,Inactivo
PERF-001067,Customer 1067,4201,Activo
PERF-001068,Customer 1068,4204,Pendiente
PERF-001069,Customer 1069,4207,Activo
PERF-001070,Customer 1070,4210,Inactivo
PERF-001071,Customer 1071,4213,Pendiente
PERF-001072,Customer 1072,4216,Inactivo
PERF-001073,Customer 1073,4219,Activo
PERF-001074,Customer 1074,4222,Pendiente
PERF-001075,Customer 1075,4225,Activo
PERF-001076,Customer 1076,4228,Inactivo
PERF-001077,Customer 1077,4231,Pendiente
PERF-001078,Customer 1078,4234,Inactivo
PERF-001079,Customer 1079,4237,Activo
PERF-001080,CUSTOMER 1080,4240,pendiente
PERF-001081,Customer 1081,4243,Activo
PERF-001082,Customer 1082,4246,Inactivo
PERF-001083,Customer 1083,4249,Pendiente
PERF-001084,Customer 1084,4252,Inactivo
PERF-001085,Customer 1085,4255,Activo
PERF-001086,Customer 1086,4258,Pendiente
PERF-001087,Customer 1087,4261,Activo
PERF-001088,Customer 1088,4264,Inactivo
PERF-001089,Customer 1089,4267,Pendiente
PERF-001090,Customer 1090,4270,Inactivo
PERF-001091,Customer 1091,4273,Activo
PERF-001092,Customer 1092,4276,Pendiente
PERF-001093,Customer 1093,4279,Activo
PERF-001094,Customer 1094,4282,Inactivo
PERF-001095,Customer 1095,4285,Pendiente
PERF-001096,Customer 1096,4288,Inactivo
PERF-001097,Customer 1097,4291,Activo
PERF-001098,Customer 1098,4294,Pendiente
PERF-001099,Customer 1099,4297,Activo
PERF-001100,CUSTOMER 1100,4320,inactivo
PERF-001101,Customer 1101,4303,Pendiente
PERF-001102,Customer 1102,4306,Inactivo
PERF-001103,Customer 1103,4309,Activo
PERF-001104,Customer 1104,4312,Pendiente
PERF-001105,Customer 1105,4315,Activo
PERF-001106,Customer 1106,4318,Inactivo
PERF-001107,Customer 1107,4321,Pendiente
PERF-001108,Customer 1108,4324,Inactivo
PERF-001109,Customer 1109,4327,Activo
PERF-001110,Customer 1110,4330,Pendiente
PERF-001111,Customer 1111,4333,Activo
PERF-001112,Customer 1112,4336,Inactivo
PERF-001113,Customer 1113,4339,Pendiente
PERF-001114,Customer 1114,4342,Inactivo
PERF-001115,Customer 1115,4345,Activo
PERF-001116,Customer 1116,4348,Pendiente
PERF-001117,Customer 1117,4351,Activo
PERF-001118,Customer 1118,4354,Inactivo
PERF-001119,Customer 1119,4357,Pendiente
PERF-001120,CUSTOMER 1120,4360,inactivo
PERF-001121,Customer 1121,4363,Activo
PERF-001122,Customer 1122,4366,Pendiente
PERF-001123,Customer 1123,4369,Activo
PERF-001124,Customer 1124,4372,Inactivo
PERF-001125,Customer 1125,4375,Pendiente
PERF-001126,Customer 1126,4378,Inactivo
PERF-001127,Customer 1127,4381,Activo
PERF-001128,Customer 1128,4384,Pendiente
PERF-001129,Customer 1129,4387,Activo
PERF-001130,Customer 1130,4390,Inactivo
PERF-001131,Customer 1131,4393,Pendiente
PERF-001132,Customer 1132,4396,Inactivo
PERF-001133,Customer 1133,4399,Activo
PERF-001134,Customer 1134,4402,Pendiente
PERF-001135,Customer 1135,4405,Activo
PERF-001136,Customer 1136,4408,Inactivo
PERF-001137,Customer 1137,4411,Pendiente
PERF-001138,Customer 1138,4414,Inactivo
PERF-001139,Customer 1139,4417,Activo
PERF-001140,CUSTOMER 1140,4420,pendiente
PERF-001141,Customer 1141,4423,Activo
PERF-001142,Customer 1142,4426,Inactivo
PERF-001143,Customer 1143,4429,Pendiente
PERF-001144,Customer 1144,4432,Inactivo
PERF-001145,Customer 1145,4435,Activo
PERF-001146,Customer 1146,4438,Pendiente
PERF-001147,Customer 1147,4441,Activo
PERF-001148,Customer 1148,4444,Inactivo
PERF-001149,Customer 1149,4447,Pendiente
PERF-001150,Customer 1150,4452,Inactivo
PERF-001151,Customer 1151,4453,Activo
PERF-001152,Customer 1152,4456,Pendiente
PERF-001153,Customer 1153,4459,Activo
PERF-001154,Customer 1154,4462,Inactivo
PERF-001155,Customer 1155,4465,Pendiente
PERF-001156,Customer 1156,4468,Inactivo
PERF-001157,Customer 1157,4471,Activo
PERF-001158,Customer 1158,4474,Pendiente
PERF-001159,Customer 1159,4477,Activo
PERF-001160,CUSTOMER 1160,4480,inactivo
PERF-001161,Customer 1161,4483,Pendiente
PERF-001162,Customer 1162,4486,Inactivo
PERF-001163,Customer 1163,4489,Activo
PERF-001164,Customer 1164,4492,Pendiente
PERF-001165,Customer 1165,4495,Activo
PERF-001166,Customer 1166,4498,Inactivo
PERF-001167,Customer 1167,4501,Pendiente
PERF-001168,Customer 1168,4504,Inactivo
PERF-001169,Customer 1169,4507,Activo
PERF-001170,Customer 1170,4510,Pendiente
PERF-001171,Customer 1171,4513,Activo
PERF-001172,Customer 1172,4516,Inactivo
PERF-001173,Customer 1173,4519,Pendiente
PERF-001174,Customer 1174,4522,Inactivo
PERF-001175,Customer 1175,4525,Activo
PERF-001176,Customer 1176,4528,Pendiente
PERF-001177,Customer 1177,4531,Activo
PERF-001178,Customer 1178,4534,Inactivo
PERF-001179,Customer 1179,4537,Pendiente
PERF-001180,CUSTOMER 1180,4540,inactivo
PERF-001181,Customer 1181,4543,Activo
PERF-001182,Customer 1182,4546,Pendiente
PERF-001183,Customer 1183,4549,Activo
PERF-001184,Customer 1184,4552,Inactivo
PERF-001185,Customer 1185,4555,Pendiente
PERF-001186,Customer 1186,4558,Inactivo
PERF-001187,Customer 1187,4561,Activo
PERF-001188,Customer 1188,4564,Pendiente
PERF-001189,Customer 1189,4567,Activo
PERF-001190,Customer 1190,4570,Inactivo
PERF-001191,Customer 1191,4573,Pendiente
PERF-001192,Customer 1192,4576,Inactivo
PERF-001193,Customer 1193,4579,Activo
PERF-001194,Customer 1194,4582,Pendiente
PERF-001195,Customer 1195,4585,Activo
PERF-001196,Customer 1196,4588,Inactivo
PERF-001197,Customer 1197,4591,Pendiente
PERF-001198,Customer 1198,4594,Inactivo
PERF-001199,Customer 1199,4597,Activo
PERF-001200,CUSTOMER 1200,4620,pendiente
PERF-001201,Customer 1201,4603,Activo
PERF-001202,Customer 1202,4606,Inactivo
PERF-001203,Customer 1203,4609,Pendiente
PERF-001204,Customer 1204,4612,Inactivo
PERF-001205,Customer 1205,4615,Activo
PERF-001206,Customer 1206,4618,Pendiente
PERF-001207,Customer 1207,4621,Activo
PERF-001208,Customer 1208,4624,Inactivo
PERF-001209,Customer 1209,4627,Pendiente
PERF-001210,Customer 1210,4630,Inactivo
PERF-001211,Customer 1211,4633,Activo
PERF-001212,Customer 1212,4636,Pendiente
PERF-001213,Customer 1213,4639,Activo
PERF-001214,Customer 1214,4642,Inactivo
PERF-001215,Customer 1215,4645,Pendiente
PERF-001216,Customer 1216,4648,Inactivo
PERF-001217,Customer 1217,4651,Activo
PERF-001218,Customer 1218,4654,Pendiente
PERF-001219,Customer 1219,4657,Activo
PERF-001220,CUSTOMER 1220,4660,inactivo
PERF-001221,Customer 1221,4663,Pendiente
PERF-001222,Customer 1222,4666,Inactivo
PERF-001223,Customer 1223,4669,Activo
PERF-001224,Customer 1224,4672,Pendiente
PERF-001225,Customer 1225,4675,Activo
PERF-001226,Customer 1226,4678,Inactivo
PERF-001227,Customer 1227,4681,Pendiente
PERF-001228,Customer 1228,4684,Inactivo
PERF-001229,Customer 1229,4687,Activo
PERF-001230,Customer 1230,4690,Pendiente
PERF-001231,Customer 1231,4693,Activo
PERF-001232,Customer 1232,4696,Inactivo
PERF-001233,Customer 1233,4699,Pendiente
PERF-001234,Customer 1234,4702,Inactivo
PERF-001235,Customer 1235,4705,Activo
PERF-001236,Customer 1236,4708,Pendiente
PERF-001237,Customer 1237,4711,Activo
PERF-001238,Customer 1238,4714,Inactivo
PERF-001239,Customer 1239,4717,Pendiente
PERF-001240,CUSTOMER 1240,4720,inactivo
PERF-001241,Customer 1241,4723,Activo
PERF-001242,Customer 1242,4726,Pendiente
PERF-001243,Customer 1243,4729,Activo
PERF-001244,Customer 1244,4732,Inactivo
PERF-001245,Customer 1245,4735,Pendiente
PERF-001246,Customer 1246,4738,Inactivo
PERF-001247,Customer 1247,4741,Activo
PERF-001248,Customer 1248,4744,Pendiente
PERF-001249,Customer 1249,4747,Activo
PERF-001250,Customer 1250,4752,Inactivo
PERF-001251,Customer 1251,4753,Pendiente
PERF-001252,Customer 1252,4756,Inactivo
PERF-001253,Customer 1253,4759,Activo
PERF-001254,Customer 1254,4762,Pendiente
PERF-001255,Customer 1255,4765,Activo
PERF-001256,Customer 1256,4768,Inactivo
PERF-001257,Customer 1257,4771,Pendiente
PERF-001258,Customer 1258,4774,Inactivo
PERF-001259,Customer 1259,4777,Activo
PERF-001260,CUSTOMER 1260,4780,pendiente
PERF-001261,Customer 1261,4783,Activo
PERF-001262,Customer 1262,4786,Inactivo
PERF-001263,Customer 1263,4789,Pendiente
PERF-001264,Customer 1264,4792,Inactivo
PERF-001265,Customer 1265,4795,Activo
PERF-001266,Customer 1266,4798,Pendiente
PERF-001267,Customer 1267,4801,Activo
PERF-001268,Customer 1268,4804,Inactivo
PERF-001269,Customer 1269,4807,Pendiente
PERF-001270,Customer 1270,4810,Inactivo
PERF-001271,Customer 1271,4813,Activo
PERF-001272,Customer 1272,4816,Pendiente
PERF-001273,Customer 1273,4819,Activo
PERF-001274,Customer 1274,4822,Inactivo
PERF-001275,Customer 1275,4825,Pendiente
PERF-001276,Customer 1276,4828,Inactivo
PERF-001277,Customer 1277,4831,Activo
PERF-001278,Customer 1278,4834,Pendiente
PERF-001279,Customer 1279,4837,Activo
PERF-001280,CUSTOMER 1280,4840,inactivo
PERF-001281,Customer 1281,4843,Pendiente
PERF-001282,Customer 1282,4846,Inactivo
PERF-001283,Customer 1283,4849,Activo
PERF-001284,Customer 1284,4852,Pendiente
PERF-001285,Customer 1285,4855,Activo
PERF-001286,Customer 1286,4858,Inactivo
PERF-001287,Customer 1287,4861,Pendiente
PERF-001288,Customer 1288,4864,Inactivo
PERF-001289,Customer 1289,4867,Activo
PERF-001290,Customer 1290,4870,Pendiente
PERF-001291,Customer 1291,4873,Activo
PERF-001292,Customer 1292,4876,Inactivo
PERF-001293,Customer 1293,4879,Pendiente
PERF-001294,Customer 1294,4882,Inactivo
PERF-001295,Customer 1295,4885,Activo
PERF-001296,Customer 1296,4888,Pendiente
PERF-001297,Customer 1297,4891,Activo
PERF-001298,Customer 1298,4894,Inactivo
PERF-001299,Customer 1299,4897,Pendiente
PERF-001300,CUSTOMER 1300,4920,inactivo
PERF-001301,Customer 1301,4903,Activo
PERF-001302,Customer 1302,4906,Pendiente
PERF-001303,Customer 1303,4909,Activo
PERF-001304,Customer 1304,4912,Inactivo
PERF-001305,Customer 1305,4915,Pendiente
PERF-001306,Customer 1306,4918,Inactivo
PERF-001307,Customer 1307,4921,Activo
PERF-001308,Customer 1308,4924,Pendiente
PERF-001309,Customer 1309,4927,Activo
PERF-001310,Customer 1310,4930,Inactivo
PERF-001311,Customer 1311,4933,Pendiente
PERF-001312,Customer 1312,4936,Inactivo
PERF-001313,Customer 1313,4939,Activo
PERF-001314,Customer 1314,4942,Pendiente
PERF-001315,Customer 1315,4945,Activo
PERF-001316,Customer 1316,4948,Inactivo
PERF-001317,Customer 1317,4951,Pendiente
PERF-001318,Customer 1318,4954,Inactivo
PERF-001319,Customer 1319,4957,Activo
PERF-001320,CUSTOMER 1320,4960,pendiente
PERF-001321,Customer 1321,4963,Activo
PERF-001322,Customer 1322,4966,Inactivo
PERF-001323,Customer 1323,4969,Pendiente
PERF-001324,Customer 1324,4972,Inactivo
PERF-001325,Customer 1325,4975,Activo
PERF-001326,Customer 1326,4978,Pendiente
PERF-001327,Customer 1327,4981,Activo
PERF-001328,Customer 1328,4984,Inactivo
PERF-001329,Customer 1329,4987,Pendiente
PERF-001330,Customer 1330,4990,Inactivo
PERF-001331,Customer 1331,4993,Activo
PERF-001332,Customer 1332,4996,Pendiente
PERF-001333,Customer 1333,4999,Activo
PERF-001334,Customer 1334,5002,Inactivo
PERF-001335,Customer 1335,5005,Pendiente
PERF-001336,Customer 1336,5008,Inactivo
PERF-001337,Customer 1337,5011,Activo
PERF-001338,Customer 1338,5014,Pendiente
PERF-001339,Customer 1339,5017,Activo
PERF-001340,CUSTOMER 1340,5020,inactivo
PERF-001341,Customer 1341,5023,Pendiente
PERF-001342,Customer 1342,5026,Inactivo
PERF-001343,Customer 1343,5029,Activo
PERF-001344,Customer 1344,5032,Pendiente
PERF-001345,Customer 1345,5035,Activo
PERF-001346,Customer 1346,5038,Inactivo
PERF-001347,Customer 1347,5041,Pendiente
PERF-001348,Customer 1348,5044,Inactivo
PERF-001349,Customer 1349,5047,Activo
PERF-001350,Customer 1350,5052,Pendiente
PERF-001351,Customer 1351,5053,Activo
PERF-001352,Customer 1352,5056,Inactivo
PERF-001353,Customer 1353,5059,Pendiente
PERF-001354,Customer 1354,5062,Inactivo
PERF-001355,Customer 1355,5065,Activo
PERF-001356,Customer 1356,5068,Pendiente
PERF-001357,Customer 1357,5071,Activo
PERF-001358,Customer 1358,5074,Inactivo
PERF-001359,Customer 1359,5077,Pendiente
PERF-001360,CUSTOMER 1360,5080,inactivo
PERF-001361,Customer 1361,5083,Activo
PERF-001362,Customer 1362,5086,Pendiente
PERF-001363,Customer 1363,5089,Activo
PERF-001364,Customer 1364,5092,Inactivo
PERF-001365,Customer 1365,5095,Pendiente
PERF-001366,Customer 1366,5098,Inactivo
PERF-001367,Customer 1367,5101,Activo
PERF-001368,Customer 1368,5104,Pendiente
PERF-001369,Customer 1369,5107,Activo
PERF-001370,Customer 1370,5110,Inactivo
PERF-001371,Customer 1371,5113,Pendiente
PERF-001372,Customer 1372,5116,Inactivo
PERF-001373,Customer 1373,5119,Activo
PERF-001374,Customer 1374,5122,Pendiente
PERF-001375,Customer 1375,5125,Activo
PERF-001376,Customer 1376,5128,Inactivo
PERF-001377,Customer 1377,5131,Pendiente
PERF-001378,Customer 1378,5134,Inactivo
PERF-001379,Customer 1379,5137,Activo
PERF-001380,CUSTOMER 1380,5140,pendiente
PERF-001381,Customer 1381,5143,Activo
PERF-001382,Customer 1382,5146,Inactivo
PERF-001383,Customer 1383,5149,Pendiente
PERF-001384,Customer 1384,5152,Inactivo
PERF-001385,Customer 1385,5155,Activo
PERF-001386,Customer 1386,5158,Pendiente
PERF-001387,Customer 1387,5161,Activo
PERF-001388,Customer 1388,5164,Inactivo
PERF-001389,Customer 1389,5167,Pendiente
PERF-001390,Customer 1390,5170,Inactivo
PERF-001391,Customer 1391,5173,Activo
PERF-001392,Customer 1392,5176,Pendiente
PERF-001393,Customer 1393,5179,Activo
PERF-001394,Customer 1394,5182,Inactivo
PERF-001395,Customer 1395,5185,Pendiente
PERF-001396,Customer 1396,5188,Inactivo
PERF-001397,Customer 1397,5191,Activo
PERF-001398,Customer 1398,5194,Pendiente
PERF-001399,Customer 1399,5197,Activo
PERF-001400,CUSTOMER 1400,5220,inactivo
PERF-001401,Customer 1401,5203,Pendiente
PERF-001402,Customer 1402,5206,Inactivo
PERF-001403,Customer 1403,5209,Activo
PERF-001404,Customer 1404,5212,Pendiente
PERF-001405,Customer 1405,5215,Activo
PERF-001406,Customer 1406,5218,Inactivo
PERF-001407,Customer 1407,5221,Pendiente
PERF-001408,Customer 1408,5224,Inactivo
PERF-001409,Customer 1409,5227,Activo
PERF-001410,Customer 1410,5230,Pendiente
PERF-001411,Customer 1411,5233,Activo
PERF-001412,Customer 1412,5236,Inactivo
PERF-001413,Customer 1413,5239,Pendiente
PERF-001414,Customer 1414,5242,Inactivo
PERF-001415,Customer 1415,5245,Activo
PERF-001416,Customer 1416,5248,Pendiente
PERF-001417,Customer 1417,5251,Activo
PERF-001418,Customer 1418,5254,Inactivo
PERF-001419,Customer 1419,5257,Pendiente
PERF-001420,CUSTOMER 1420,5260,inactivo
PERF-001421,Customer 1421,5263,Activo
PERF-001422,Customer 1422,5266,Pendiente
PERF-001423,Customer 1423,5269,Activo
PERF-001424,Customer 1424,5272,Inactivo
PERF-001425,Customer 1425,5275,Pendiente
PERF-001426,Customer 1426,5278,Inactivo
PERF-001427,Customer 1427,5281,Activo
PERF-001428,Customer 1428,5284,Pendiente
PERF-001429,Customer 1429,5287,Activo
PERF-001430,Customer 1430,5290,Inactivo
PERF-001431,Customer 1431,5293,Pendiente
PERF-001432,Customer 1432,5296,Inactivo
PERF-001433,Customer 1433,5299,Activo
PERF-001434,Customer 1434,5302,Pendiente
PERF-001435,Customer 1435,5305,Activo
PERF-001436,Customer 1436,5308,Inactivo
PERF-001437,Customer 1437,5311,Pendiente
PERF-001438,Customer 1438,5314,Inactivo
PERF-001439,Customer 1439,5317,Activo
PERF-001440,CUSTOMER 1440,5320,pendiente
PERF-001441,Customer 1441,5323,Activo
PERF-001442,Customer 1442,5326,Inactivo
PERF-001443,Customer 1443,5329,Pendiente
PERF-001444,Customer 1444,5332,Inactivo
PERF-001445,Customer 1445,5335,Activo
PERF-001446,Customer 1446,5338,Pendiente
PERF-001447,Customer 1447,5341,Activo
PERF-001448,Customer 1448,5344,Inactivo
PERF-001449,Customer 1449,5347,Pendiente
PERF-001450,Customer 1450,5352,Inactivo
PERF-001451,Customer 1451,5353,Activo
PERF-001452,Customer 1452,5356,Pendiente
PERF-001453,Customer 1453,5359,Activo
PERF-001454,Customer 1454,5362,Inactivo
PERF-001455,Customer 1455,5365,Pendiente
PERF-001456,Customer 1456,5368,Inactivo
PERF-001457,Customer 1457,5371,Activo
PERF-001458,Customer 1458,5374,Pendiente
PERF-001459,Customer 1459,5377,Activo
PERF-001460,CUSTOMER 1460,5380,inactivo
PERF-001461,Customer 1461,5383,Pendiente
PERF-001462,Customer 1462,5386,Inactivo
PERF-001463,Customer 1463,5389,Activo
PERF-001464,Customer 1464,5392,Pendiente
PERF-001465,Customer 1465,5395,Activo
PERF-001466,Customer 1466,5398,Inactivo
PERF-001467,Customer 1467,5401,Pendiente
PERF-001468,Customer 1468,5404,Inactivo
PERF-001469,Customer 1469,5407,Activo
PERF-001470,Customer 1470,5410,Pendiente
PERF-001471,Customer 1471,5413,Activo
PERF-001472,Customer 1472,5416,Inactivo
PERF-001473,Customer 1473,5419,Pendiente
PERF-001474,Customer 1474,5422,Inactivo
PERF-001475,Customer 1475,5425,Activo
PERF-001476,Customer 1476,5428,Pendiente
PERF-001477,Customer 1477,5431,Activo
PERF-001478,Customer 1478,5434,Inactivo
PERF-001479,Customer 1479,5437,Pendiente
PERF-001480,CUSTOMER 1480,5440,inactivo
PERF-001481,Customer 1481,5443,Activo
PERF-001482,Customer 1482,5446,Pendiente
PERF-001483,Customer 1483,5449,Activo
PERF-001484,Customer 1484,5452,Inactivo
PERF-001485,Customer 1485,5455,Pendiente
PERF-001486,Customer 1486,5458,Inactivo
PERF-001487,Customer 1487,5461,Activo
PERF-001488,Customer 1488,5464,Pendiente
PERF-001489,Customer 1489,5467,Activo
PERF-001490,Customer 1490,5470,Inactivo
PERF-001491,Customer 1491,5473,Pendiente
PERF-001492,Customer 1492,5476,Inactivo
PERF-001493,Customer 1493,5479,Activo
PERF-001494,Customer 1494,5482,Pendiente
PERF-001495,Customer 1495,5485,Activo
PERF-001496,Customer 1496,5488,Inactivo
PERF-001497,Customer 1497,5491,Pendiente
PERF-001498,Customer 1498,5494,Inactivo
PERF-001499,Customer 1499,5497,Activo
PERF-001500,CUSTOMER 1500,5520,pendiente
PERF-001501,Customer 1501,5503,Activo
PERF-001502,Customer 1502,5506,Inactivo
PERF-001503,Customer 1503,5509,Pendiente
PERF-001504,Customer 1504,5512,Inactivo
PERF-001505,Customer 1505,5515,Activo
PERF-001506,Customer 1506,5518,Pendiente
PERF-001507,Customer 1507,5521,Activo
PERF-001508,Customer 1508,5524,Inactivo
PERF-001509,Customer 1509,5527,Pendiente
PERF-001510,Customer 1510,5530,Inactivo
PERF-001511,Customer 1511,5533,Activo
PERF-001512,Customer 1512,5536,Pendiente
PERF-001513,Customer 1513,5539,Activo
PERF-001514,Customer 1514,5542,Inactivo
PERF-001515,Customer 1515,5545,Pendiente
PERF-001516,Customer 1516,5548,Inactivo
PERF-001517,Customer 1517,5551,Activo
PERF-001518,Customer 1518,5554,Pendiente
PERF-001519,Customer 1519,5557,Activo
PERF-001520,CUSTOMER 1520,5560,inactivo
PERF-001521,Customer 1521,5563,Pendiente
PERF-001522,Customer 1522,5566,Inactivo
PERF-001523,Customer 1523,5569,Activo
PERF-001524,Customer 1524,5572,Pendiente
PERF-001525,Customer 1525,5575,Activo
PERF-001526,Customer 1526,5578,Inactivo
PERF-001527,Customer 1527,5581,Pendiente
PERF-001528,Customer 1528,5584,Inactivo
PERF-001529,Customer 1529,5587,Activo
PERF-001530,Customer 1530,5590,Pendiente
PERF-001531,Customer 1531,5593,Activo
PERF-001532,Customer 1532,5596,Inactivo
PERF-001533,Customer 1533,5599,Pendiente
PERF-001534,Customer 1534,5602,Inactivo
PERF-001535,Customer 1535,5605,Activo
PERF-001536,Customer 1536,5608,Pendiente
PERF-001537,Customer 1537,5611,Activo
PERF-001538,Customer 1538,5614,Inactivo
PERF-001539,Customer 1539,5617,Pendiente
PERF-001540,CUSTOMER 1540,5620,inactivo
PERF-001541,Customer 1541,5623,Activo
PERF-001542,Customer 1542,5626,Pendiente
PERF-001543,Customer 1543,5629,Activo
PERF-001544,Customer 1544,5632,Inactivo
PERF-001545,Customer 1545,5635,Pendiente
PERF-001546,Customer 1546,5638,Inactivo
PERF-001547,Customer 1547,5641,Activo
PERF-001548,Customer 1548,5644,Pendiente
PERF-001549,Customer 1549,5647,Activo
PERF-001550,Customer 1550,5652,Inactivo
PERF-001551,Customer 1551,5653,Pendiente
PERF-001552,Customer 1552,5656,Inactivo
PERF-001553,Customer 1553,5659,Activo
PERF-001554,Customer 1554,5662,Pendiente
PERF-001555,Customer 1555,5665,Activo
PERF-001556,Customer 1556,5668,Inactivo
PERF-001557,Customer 1557,5671,Pendiente
PERF-001558,Customer 1558,5674,Inactivo
PERF-001559,Customer 1559,5677,Activo
PERF-001560,CUSTOMER 1560,5680,pendiente
PERF-001561,Customer 1561,5683,Activo
PERF-001562,Customer 1562,5686,Inactivo
PERF-001563,Customer 1563,5689,Pendiente
PERF-001564,Customer 1564,5692,Inactivo
PERF-001565,Customer 1565,5695,Activo
PERF-001566,Customer 1566,5698,Pendiente
PERF-001567,Customer 1567,5701,Activo
PERF-001568,Customer 1568,5704,Inactivo
PERF-001569,Customer 1569,5707,Pendiente
PERF-001570,Customer 1570,5710,Inactivo
PERF-001571,Customer 1571,5713,Activo
PERF-001572,Customer 1572,5716,Pendiente
PERF-001573,Customer 1573,5719,Activo
PERF-001574,Customer 1574,5722,Inactivo
PERF-001575,Customer 1575,5725,Pendiente
PERF-001576,Customer 1576,5728,Inactivo
PERF-001577,Customer 1577,5731,Activo
PERF-001578,Customer 1578,5734,Pendiente
PERF-001579,Customer 1579,5737,Activo
PERF-001580,CUSTOMER 1580,5740,inactivo
PERF-001581,Customer 1581,5743,Pendiente
PERF-001582,Customer 1582,5746,Inactivo
PERF-001583,Customer 1583,5749,Activo
PERF-001584,Customer 1584,5752,Pendiente
PERF-001585,Customer 1585,5755,Activo
PERF-001586,Customer 1586,5758,Inactivo
PERF-001587,Customer 1587,5761,Pendiente
PERF-001588,Customer 1588,5764,Inactivo
PERF-001589,Customer 1589,5767,Activo
PERF-001590,Customer 1590,5770,Pendiente
PERF-001591,Customer 1591,5773,Activo
PERF-001592,Customer 1592,5776,Inactivo
PERF-001593,Customer 1593,5779,Pendiente
PERF-001594,Customer 1594,5782,Inactivo
PERF-001595,Customer 1595,5785,Activo
PERF-001596,Customer 1596,5788,Pendiente
PERF-001597,Customer 1597,5791,Activo
PERF-001598,Customer 1598,5794,Inactivo
PERF-001599,Customer 1599,5797,Pendiente
PERF-001600,CUSTOMER 1600,5820,inactivo
PERF-001601,Customer 1601,5803,Activo
PERF-001602,Customer 1602,5806,Pendiente
PERF-001603,Customer 1603,5809,Activo
PERF-001604,Customer 1604,5812,Inactivo
PERF-001605,Customer 1605,5815,Pendiente
PERF-001606,Customer 1606,5818,Inactivo
PERF-001607,Customer 1607,5821,Activo
PERF-001608,Customer 1608,5824,Pendiente
PERF-001609,Customer 1609,5827,Activo
PERF-001610,Customer 1610,5830,Inactivo
PERF-001611,Customer 1611,5833,Pendiente
PERF-001612,Customer 1612,5836,Inactivo
PERF-001613,Customer 1613,5839,Activo
PERF-001614,Customer 1614,5842,Pendiente
PERF-001615,Customer 1615,5845,Activo
PERF-001616,Customer 1616,5848,Inactivo
PERF-001617,Customer 1617,5851,Pendiente
PERF-001618,Customer 1618,5854,Inactivo
PERF-001619,Customer 1619,5857,Activo
PERF-001620,CUSTOMER 1620,5860,pendiente
PERF-001621,Customer 1621,5863,Activo
PERF-001622,Customer 1622,5866,Inactivo
PERF-001623,Customer 1623,5869,Pendiente
PERF-001624,Customer 1624,5872,Inactivo
PERF-001625,Customer 1625,5875,Activo
PERF-001626,Customer 1626,5878,Pendiente
PERF-001627,Customer 1627,5881,Activo
PERF-001628,Customer 1628,5884,Inactivo
PERF-001629,Customer 1629,5887,Pendiente
PERF-001630,Customer 1630,5890,Inactivo
PERF-001631,Customer 1631,5893,Activo
PERF-001632,Customer 1632,5896,Pendiente
PERF-001633,Customer 1633,5899,Activo
PERF-001634,Customer 1634,5902,Inactivo
PERF-001635,Customer 1635,5905,Pendiente
PERF-001636,Customer 1636,5908,Inactivo
PERF-001637,Customer 1637,5911,Activo
PERF-001638,Customer 1638,5914,Pendiente
PERF-001639,Customer 1639,5917,Activo
PERF-001640,CUSTOMER 1640,5920,inactivo
PERF-001641,Customer 1641,5923,Pendiente
PERF-001642,Customer 1642,5926,Inactivo
PERF-001643,Customer 1643,5929,Activo
PERF-001644,Customer 1644,5932,Pendiente
PERF-001645,Customer 1645,5935,Activo
PERF-001646,Customer 1646,5938,Inactivo
PERF-001647,Customer 1647,5941,Pendiente
PERF-001648,Customer 1648,5944,Inactivo
PERF-001649,Customer 1649,5947,Activo
PERF-001650,Customer 1650,5952,Pendiente
PERF-001651,Customer 1651,5953,Activo
PERF-001652,Customer 1652,5956,Inactivo
PERF-001653,Customer 1653,5959,Pendiente
PERF-001654,Customer 1654,5962,Inactivo
PERF-001655,Customer 1655,5965,Activo
PERF-001656,Customer 1656,5968,Pendiente
PERF-001657,Customer 1657,5971,Activo
PERF-001658,Customer 1658,5974,Inactivo
PERF-001659,Customer 1659,5977,Pendiente
PERF-001660,CUSTOMER 1660,5980,inactivo
PERF-001661,Customer 1661,5983,Activo
PERF-001662,Customer 1662,5986,Pendiente
PERF-001663,Customer 1663,5989,Activo
PERF-001664,Customer 1664,5992,Inactivo
PERF-001665,Customer 1665,5995,Pendiente
PERF-001666,Customer 1666,5998,Inactivo
PERF-001667,Customer 1667,6001,Activo
PERF-001668,Customer 1668,6004,Pendiente
PERF-001669,Customer 1669,6007,Activo
PERF-001670,Customer 1670,6010,Inactivo
PERF-001671,Customer 1671,6013,Pendiente
PERF-001672,Customer 1672,6016,Inactivo
PERF-001673,Customer 1673,6019,Activo
PERF-001674,Customer 1674,6022,Pendiente
PERF-001675,Customer 1675,6025,Activo
PERF-001676,Customer 1676,6028,Inactivo
PERF-001677,Customer 1677,6031,Pendiente
PERF-001678,Customer 1678,6034,Inactivo
PERF-001679,Customer 1679,6037,Activo
PERF-001680,CUSTOMER 1680,6040,pendiente
PERF-001681,Customer 1681,6043,Activo
PERF-001682,Customer 1682,6046,Inactivo
PERF-001683,Customer 1683,6049,Pendiente
PERF-001684,Customer 1684,6052,Inactivo
PERF-001685,Customer 1685,6055,Activo
PERF-001686,Customer 1686,6058,Pendiente
PERF-001687,Customer 1687,6061,Activo
PERF-001688,Customer 1688,6064,Inactivo
PERF-001689,Customer 1689,6067,Pendiente
PERF-001690,Customer 1690,6070,Inactivo
PERF-001691,Customer 1691,6073,Activo
PERF-001692,Customer 1692,6076,Pendiente
PERF-001693,Customer 1693,6079,Activo
PERF-001694,Customer 1694,6082,Inactivo
PERF-001695,Customer 1695,6085,Pendiente
PERF-001696,Customer 1696,6088,Inactivo
PERF-001697,Customer 1697,6091,Activo
PERF-001698,Customer 1698,6094,Pendiente
PERF-001699,Customer 1699,6097,Activo
PERF-001700,CUSTOMER 1700,6120,inactivo
PERF-001701,Customer 1701,6103,Pendiente
PERF-001702,Customer 1702,6106,Inactivo
PERF-001703,Customer 1703,6109,Activo
PERF-001704,Customer 1704,6112,Pendiente
PERF-001705,Customer 1705,6115,Activo
PERF-001706,Customer 1706,6118,Inactivo
PERF-001707,Customer 1707,6121,Pendiente
PERF-001708,Customer 1708,6124,Inactivo
PERF-001709,Customer 1709,6127,Activo
PERF-001710,Customer 1710,6130,Pendiente
PERF-001711,Customer 1711,6133,Activo
PERF-001712,Customer 1712,6136,Inactivo
PERF-001713,Customer 1713,6139,Pendiente
PERF-001714,Customer 1714,6142,Inactivo
PERF-001715,Customer 1715,6145,Activo
PERF-001716,Customer 1716,6148,Pendiente
PERF-001717,Customer 1717,6151,Activo
PERF-001718,Customer 1718,6154,Inactivo
PERF-001719,Customer 1719,6157,Pendiente
PERF-001720,CUSTOMER 1720,6160,inactivo
PERF-001721,Customer 1721,6163,Activo
PERF-001722,Customer 1722,6166,Pendiente
PERF-001723,Customer 1723,6169,Activo
PERF-001724,Customer 1724,6172,Inactivo
PERF-001725,Customer 1725,6175,Pendiente
PERF-001726,Customer 1726,6178,Inactivo
PERF-001727,Customer 1727,6181,Activo
PERF-001728,Customer 1728,6184,Pendiente
PERF-001729,Customer 1729,6187,Activo
PERF-001730,Customer 1730,6190,Inactivo
PERF-001731,Customer 1731,6193,Pendiente
PERF-001732,Customer 1732,6196,Inactivo
PERF-001733,Customer 1733,6199,Activo
PERF-001734,Customer 1734,6202,Pendiente
PERF-001735,Customer 1735,6205,Activo
PERF-001736,Customer 1736,6208,Inactivo
PERF-001737,Customer 1737,6211,Pendiente
PERF-001738,Customer 1738,6214,Inactivo
PERF-001739,Customer 1739,6217,Activo
PERF-001740,CUSTOMER 1740,6220,pendiente
PERF-001741,Customer 1741,6223,Activo
PERF-001742,Customer 1742,6226,Inactivo
PERF-001743,Customer 1743,6229,Pendiente
PERF-001744,Customer 1744,6232,Inactivo
PERF-001745,Customer 1745,6235,Activo
PERF-001746,Customer 1746,6238,Pendiente
PERF-001747,Customer 1747,6241,Activo
PERF-001748,Customer 1748,6244,Inactivo
PERF-001749,Customer 1749,6247,Pendiente
PERF-001750,Customer 1750,6252,Inactivo
PERF-001751,Customer 1751,6253,Activo
PERF-001752,Customer 1752,6256,Pendiente
PERF-001753,Customer 1753,6259,Activo
PERF-001754,Customer 1754,6262,Inactivo
PERF-001755,Customer 1755,6265,Pendiente
PERF-001756,Customer 1756,6268,Inactivo
PERF-001757,Customer 1757,6271,Activo
PERF-001758,Customer 1758,6274,Pendiente
PERF-001759,Customer 1759,6277,Activo
PERF-001760,CUSTOMER 1760,6280,inactivo
PERF-001761,Customer 1761,6283,Pendiente
PERF-001762,Customer 1762,6286,Inactivo
PERF-001763,Customer 1763,6289,Activo
PERF-001764,Customer 1764,6292,Pendiente
PERF-001765,Customer 1765,6295,Activo
PERF-001766,Customer 1766,6298,Inactivo
PERF-001767,Customer 1767,6301,Pendiente
PERF-001768,Customer 1768,6304,Inactivo
PERF-001769,Customer 1769,6307,Activo
PERF-001770,Customer 1770,6310,Pendiente
PERF-001771,Customer 1771,6313,Activo
PERF-001772,Customer 1772,6316,Inactivo
PERF-001773,Customer 1773,6319,Pendiente
PERF-001774,Customer 1774,6322,Inactivo
PERF-001775,Customer 1775,6325,Activo
PERF-001776,Customer 1776,6328,Pendiente
PERF-001777,Customer 1777,6331,Activo
PERF-001778,Customer 1778,6334,Inactivo
PERF-001779,Customer 1779,6337,Pendiente
PERF-001780,CUSTOMER 1780,6340,inactivo
PERF-001781,Customer 1781,6343,Activo
PERF-001782,Customer 1782,6346,Pendiente
PERF-001783,Customer 1783,6349,Activo
PERF-001784,Customer 1784,6352,Inactivo
PERF-001785,Customer 1785,6355,Pendiente
PERF-001786,Customer 1786,6358,Inactivo
PERF-001787,Customer 1787,6361,Activo
PERF-001788,Customer 1788,6364,Pendiente
PERF-001789,Customer 1789,6367,Activo
PERF-001790,Customer 1790,6370,Inactivo
PERF-001791,Customer 1791,6373,Pendiente
PERF-001792,Customer 1792,6376,Inactivo
PERF-001793,Customer 1793,6379,Activo
PERF-001794,Customer 1794,6382,Pendiente
PERF-001795,Customer 1795,6385,Activo
PERF-001796,Customer 1796,6388,Inactivo
PERF-001797,Customer 1797,6391,Pendiente
PERF-001798,Customer 1798,6394,Inactivo
PERF-001799,Customer 1799,6397,Activo
PERF-001800,CUSTOMER 1800,6420,pendiente
PERF-001801,Customer 1801,6403,Activo
PERF-001802,Customer 1802,6406,Inactivo
PERF-001803,Customer 1803,6409,Pendiente
PERF-001804,Customer 1804,6412,Inactivo
PERF-001805,Customer 1805,6415,Activo
PERF-001806,Customer 1806,6418,Pendiente
PERF-001807,Customer 1807,6421,Activo
PERF-001808,Customer 1808,6424,Inactivo
PERF-001809,Customer 1809,6427,Pendiente
PERF-001810,Customer 1810,6430,Inactivo
PERF-001811,Customer 1811,6433,Activo
PERF-001812,Customer 1812,6436,Pendiente
PERF-001813,Customer 1813,6439,Activo
PERF-001814,Customer 1814,6442,Inactivo
PERF-001815,Customer 1815,6445,Pendiente
PERF-001816,Customer 1816,6448,Inactivo
PERF-001817,Customer 1817,6451,Activo
PERF-001818,Customer 1818,6454,Pendiente
PERF-001819,Customer 1819,6457,Activo
PERF-001820,CUSTOMER 1820,6460,inactivo
PERF-001821,Customer 1821,6463,Pendiente
PERF-001822,Customer 1822,6466,Inactivo
PERF-001823,Customer 1823,6469,Activo
PERF-001824,Customer 1824,6472,Pendiente
PERF-001825,Customer 1825,6475,Activo
PERF-001826,Customer 1826,6478,Inactivo
PERF-001827,Customer 1827,6481,Pendiente
PERF-001828,Customer 1828,6484,Inactivo
PERF-001829,Customer 1829,6487,Activo
PERF-001830,Customer 1830,6490,Pendiente
PERF-001831,Customer 1831,6493,Activo
PERF-001832,Customer 1832,6496,Inactivo
PERF-001833,Customer 1833,6499,Pendiente
PERF-001834,Customer 1834,6502,Inactivo
PERF-001835,Customer 1835,6505,Activo
PERF-001836,Customer 1836,6508,Pendiente
PERF-001837,Customer 1837,6511,Activo
PERF-001838,Customer 1838,6514,Inactivo
PERF-001839,Customer 1839,6517,Pendiente
PERF-001840,CUSTOMER 1840,6520,inactivo
PERF-001841,Customer 1841,6523,Activo
PERF-001842,Customer 1842,6526,Pendiente
PERF-001843,Customer 1843,6529,Activo
PERF-001844,Customer 1844,6532,Inactivo
PERF-001845,Customer 1845,6535,Pendiente
PERF-001846,Customer 1846,6538,Inactivo
PERF-001847,Customer 1847,6541,Activo
PERF-001848,Customer 1848,6544,Pendiente
PERF-001849,Customer 1849,6547,Activo
PERF-001850,Customer 1850,6552,Inactivo
PERF-001851,Customer 1851,6553,Pendiente
PERF-001852,Customer 1852,6556,Inactivo
PERF-001853,Customer 1853,6559,Activo
PERF-001854,Customer 1854,6562,Pendiente
PERF-001855,Customer 1855,6565,Activo
PERF-001856,Customer 1856,6568,Inactivo
PERF-001857,Customer 1857,6571,Pendiente
PERF-001858,Customer 1858,6574,Inactivo
PERF-001859,Customer 1859,6577,Activo
PERF-001860,CUSTOMER 1860,6580,pendiente
PERF-001861,Customer 1861,6583,Activo
PERF-001862,Customer 1862,6586,Inactivo
PERF-001863,Customer 1863,6589,Pendiente
PERF-001864,Customer 1864,6592,Inactivo
PERF-001865,Customer 1865,6595,Activo
PERF-001866,Customer 1866,6598,Pendiente
PERF-001867,Customer 1867,6601,Activo
PERF-001868,Customer 1868,6604,Inactivo
PERF-001869,Customer 1869,6607,Pendiente
PERF-001870,Customer 1870,6610,Inactivo
PERF-001871,Customer 1871,6613,Activo
PERF-001872,Customer 1872,6616,Pendiente
PERF-001873,Customer 1873,6619,Activo
PERF-001874,Customer 1874,6622,Inactivo
PERF-001875,Customer 1875,6625,Pendiente
PERF-001876,Customer 1876,6628,Inactivo
PERF-001877,Customer 1877,6631,Activo
PERF-001878,Customer 1878,6634,Pendiente
PERF-001879,Customer 1879,6637,Activo
PERF-001880,CUSTOMER 1880,6640,inactivo
PERF-001881,Customer 1881,6643,Pendiente
PERF-001882,Customer 1882,6646,Inactivo
PERF-001883,Customer 1883,6649,Activo
PERF-001884,Customer 1884,6652,Pendiente
PERF-001885,Customer 1885,6655,Activo
PERF-001886,Customer 1886,6658,Inactivo
PERF-001887,Customer 1887,6661,Pendiente
PERF-001888,Customer 1888,6664,Inactivo
PERF-001889,Customer 1889,6667,Activo
PERF-001890,Customer 1890,6670,Pendiente
PERF-001891,Customer 1891,6673,Activo
PERF-001892,Customer 1892,6676,Inactivo
PERF-001893,Customer 1893,6679,Pendiente
PERF-001894,Customer 1894,6682,Inactivo
PERF-001895,Customer 1895,6685,Activo
PERF-001896,Customer 1896,6688,Pendiente
PERF-001897,Customer 1897,6691,Activo
PERF-001898,Customer 1898,6694,Inactivo
PERF-001899,Customer 1899,6697,Pendiente
PERF-001900,CUSTOMER 1900,6720,inactivo
PERF-001901,Customer 1901,6703,Activo
PERF-001902,Customer 1902,6706,Pendiente
PERF-001903,Customer 1903,6709,Activo
PERF-001904,Customer 1904,6712,Inactivo
PERF-001905,Customer 1905,6715,Pendiente
PERF-001906,Customer 1906,6718,Inactivo
PERF-001907,Customer 1907,6721,Activo
PERF-001908,Customer 1908,6724,Pendiente
PERF-001909,Customer 1909,6727,Activo
PERF-001910,Customer 1910,6730,Inactivo
PERF-001911,Customer 1911,6733,Pendiente
PERF-001912,Customer 1912,6736,Inactivo
PERF-001913,Customer 1913,6739,Activo
PERF-001914,Customer 1914,6742,Pendiente
PERF-001915,Customer 1915,6745,Activo
PERF-001916,Customer 1916,6748,Inactivo
PERF-001917,Customer 1917,6751,Pendiente
PERF-001918,Customer 1918,6754,Inactivo
PERF-001919,Customer 1919,6757,Activo
PERF-001920,CUSTOMER 1920,6760,pendiente
PERF-001921,Customer 1921,6763,Activo
PERF-001922,Customer 1922,6766,Inactivo
PERF-001923,Customer 1923,6769,Pendiente
PERF-001924,Customer 1924,6772,Inactivo
PERF-001925,Customer 1925,6775,Activo
PERF-001926,Customer 1926,6778,Pendiente
PERF-001927,Customer 1927,6781,Activo
PERF-001928,Customer 1928,6784,Inactivo
PERF-001929,Customer 1929,6787,Pendiente
PERF-001930,Customer 1930,6790,Inactivo
PERF-001931,Customer 1931,6793,Activo
PERF-001932,Customer 1932,6796,Pendiente
PERF-001933,Customer 1933,6799,Activo
PERF-001934,Customer 1934,6802,Inactivo
PERF-001935,Customer 1935,6805,Pendiente
PERF-001936,Customer 1936,6808,Inactivo
PERF-001937,Customer 1937,6811,Activo
PERF-001938,Customer 1938,6814,Pendiente
PERF-001939,Customer 1939,6817,Activo
PERF-001940,CUSTOMER 1940,6820,inactivo
PERF-001941,Customer 1941,6823,Pendiente
PERF-001942,Customer 1942,6826,Inactivo
PERF-001943,Customer 1943,6829,Activo
PERF-001944,Customer 1944,6832,Pendiente
PERF-001945,Customer 1945,6835,Activo
PERF-001946,Customer 1946,6838,Inactivo
PERF-001947,Customer 1947,6841,Pendiente
PERF-001948,Customer 1948,6844,Inactivo
PERF-001949,Customer 1949,6847,Activo
PERF-001950,Customer 1950,6852,Pendiente
PERF-001951,Customer 1951,6853,Activo
PERF-001952,Customer 1952,6856,Inactivo
PERF-001953,Customer 1953,6859,Pendiente
PERF-001954,Customer 1954,6862,Inactivo
PERF-001955,Customer 1955,6865,Activo
PERF-001956,Customer 1956,6868,Pendiente
PERF-001957,Customer 1957,6871,Activo
PERF-001958,Customer 1958,6874,Inactivo
PERF-001959,Customer 1959,6877,Pendiente
PERF-001960,CUSTOMER 1960,6880,inactivo
PERF-001961,Customer 1961,6883,Activo
PERF-001962,Customer 1962,6886,Pendiente
PERF-001963,Customer 1963,6889,Activo
PERF-001964,Customer 1964,6892,Inactivo
PERF-001965,Customer 1965,6895,Pendiente
PERF-001966,Customer 1966,6898,Inactivo
PERF-001967,Customer 1967,6901,Activo
PERF-001968,Customer 1968,6904,Pendiente
PERF-001969,Customer 1969,6907,Activo
PERF-001970,Customer 1970,6910,Inactivo
PERF-001971,Customer 1971,6913,Pendiente
PERF-001972,Customer 1972,6916,Inactivo
PERF-001973,Customer 1973,6919,Activo
PERF-001974,Customer 1974,6922,Pendiente
PERF-001975,Customer 1975,6925,Activo
PERF-001976,Customer 1976,6928,Inactivo
PERF-001977,Customer 1977,6931,Pendiente
PERF-001978,Customer 1978,6934,Inactivo
PERF-001979,Customer 1979,6937,Activo
PERF-001980,CUSTOMER 1980,6940,pendiente
PERF-001981,Customer 1981,6943,Activo
PERF-001982,Customer 1982,6946,Inactivo
PERF-001983,Customer 1983,6949,Pendiente
PERF-001984,Customer 1984,6952,Inactivo
PERF-001985,Customer 1985,6955,Activo
PERF-001986,Customer 1986,6958,Pendiente
PERF-001987,Customer 1987,6961,Activo
PERF-001988,Customer 1988,6964,Inactivo
PERF-001989,Customer 1989,6967,Pendiente
PERF-001990,Customer 1990,6970,Inactivo
PERF-001991,Customer 1991,6973,Activo
PERF-001992,Customer 1992,6976,Pendiente
PERF-001993,Customer 1993,6979,Activo
PERF-001994,Customer 1994,6982,Inactivo
PERF-001995,Customer 1995,6985,Pendiente
PERF-001996,Customer 1996,6988,Inactivo
PERF-001997,Customer 1997,6991,Activo
PERF-001998,Customer 1998,6994,Pendiente
PERF-001999,Customer 1999,6997,Activo
PERF-002000,CUSTOMER 2000,7020,inactivo
PERF-002001,Customer 2001,7003,Pendiente
PERF-002002,Customer 2002,7006,Inactivo
PERF-002003,Customer 2003,7009,Activo
PERF-002004,Customer 2004,7012,Pendiente
PERF-002005,Customer 2005,7015,Activo
PERF-002006,Customer 2006,7018,Inactivo
PERF-002007,Customer 2007,7021,Pendiente
PERF-002008,Customer 2008,7024,Inactivo
PERF-002009,Customer 2009,7027,Activo
PERF-002010,Customer 2010,7030,Pendiente
PERF-002011,Customer 2011,7033,Activo
PERF-002012,Customer 2012,7036,Inactivo
PERF-002013,Customer 2013,7039,Pendiente
PERF-002014,Customer 2014,7042,Inactivo
PERF-002015,Customer 2015,7045,Activo
PERF-002016,Customer 2016,7048,Pendiente
PERF-002017,Customer 2017,7051,Activo
PERF-002018,Customer 2018,7054,Inactivo
PERF-002019,Customer 2019,7057,Pendiente
PERF-002020,CUSTOMER 2020,7060,inactivo
PERF-002021,Customer 2021,7063,Activo
PERF-002022,Customer 2022,7066,Pendiente
PERF-002023,Customer 2023,7069,Activo
PERF-002024,Customer 2024,7072,Inactivo
PERF-002025,Customer 2025,7075,Pendiente
PERF-002026,Customer 2026,7078,Inactivo
PERF-002027,Customer 2027,7081,Activo
PERF-002028,Customer 2028,7084,Pendiente
PERF-002029,Customer 2029,7087,Activo
PERF-002030,Customer 2030,7090,Inactivo
PERF-002031,Customer 2031,7093,Pendiente
PERF-002032,Customer 2032,7096,Inactivo
PERF-002033,Customer 2033,7099,Activo
PERF-002034,Customer 2034,7102,Pendiente
PERF-002035,Customer 2035,7105,Activo
PERF-002036,Customer 2036,7108,Inactivo
PERF-002037,Customer 2037,7111,Pendiente
PERF-002038,Customer 2038,7114,Inactivo
PERF-002039,Customer 2039,7117,Activo
PERF-002040,CUSTOMER 2040,7120,pendiente
PERF-002041,Customer 2041,7123,Activo
PERF-002042,Customer 2042,7126,Inactivo
PERF-002043,Customer 2043,7129,Pendiente
PERF-002044,Customer 2044,7132,Inactivo
PERF-002045,Customer 2045,7135,Activo
PERF-002046,Customer 2046,7138,Pendiente
PERF-002047,Customer 2047,7141,Activo
PERF-002048,Customer 2048,7144,Inactivo
PERF-002049,Customer 2049,7147,Pendiente
PERF-002050,Customer 2050,7152,Inactivo
PERF-002051,Customer 2051,7153,Activo
PERF-002052,Customer 2052,7156,Pendiente
PERF-002053,Customer 2053,7159,Activo
PERF-002054,Customer 2054,7162,Inactivo
PERF-002055,Customer 2055,7165,Pendiente
PERF-002056,Customer 2056,7168,Inactivo
PERF-002057,Customer 2057,7171,Activo
PERF-002058,Customer 2058,7174,Pendiente
PERF-002059,Customer 2059,7177,Activo
PERF-002060,CUSTOMER 2060,7180,inactivo
PERF-002061,Customer 2061,7183,Pendiente
PERF-002062,Customer 2062,7186,Inactivo
PERF-002063,Customer 2063,7189,Activo
PERF-002064,Customer 2064,7192,Pendiente
PERF-002065,Customer 2065,7195,Activo
PERF-002066,Customer 2066,7198,Inactivo
PERF-002067,Customer 2067,7201,Pendiente
PERF-002068,Customer 2068,7204,Inactivo
PERF-002069,Customer 2069,7207,Activo
PERF-002070,Customer 2070,7210,Pendiente
PERF-002071,Customer 2071,7213,Activo
PERF-002072,Customer 2072,7216,Inactivo
PERF-002073,Customer 2073,7219,Pendiente
PERF-002074,Customer 2074,7222,Inactivo
PERF-002075,Customer 2075,7225,Activo
PERF-002076,Customer 2076,7228,Pendiente
PERF-002077,Customer 2077,7231,Activo
PERF-002078,Customer 2078,7234,Inactivo
PERF-002079,Customer 2079,7237,Pendiente
PERF-002080,CUSTOMER 2080,7240,inactivo
PERF-002081,Customer 2081,7243,Activo
PERF-002082,Customer 2082,7246,Pendiente
PERF-002083,Customer 2083,7249,Activo
PERF-002084,Customer 2084,7252,Inactivo
PERF-002085,Customer 2085,7255,Pendiente
PERF-002086,Customer 2086,7258,Inactivo
PERF-002087,Customer 2087,7261,Activo
PERF-002088,Customer 2088,7264,Pendiente
PERF-002089,Customer 2089,7267,Activo
PERF-002090,Customer 2090,7270,Inactivo
PERF-002091,Customer 2091,7273,Pendiente
PERF-002092,Customer 2092,7276,Inactivo
PERF-002093,Customer 2093,7279,Activo
PERF-002094,Customer 2094,7282,Pendiente
PERF-002095,Customer 2095,7285,Activo
PERF-002096,Customer 2096,7288,Inactivo
PERF-002097,Customer 2097,7291,Pendiente
PERF-002098,Customer 2098,7294,Inactivo
PERF-002099,Customer 2099,7297,Activo
PERF-002100,CUSTOMER 2100,7320,pendiente
PERF-002101,Customer 2101,7303,Activo
PERF-002102,Customer 2102,7306,Inactivo
PERF-002103,Customer 2103,7309,Pendiente
PERF-002104,Customer 2104,7312,Inactivo
PERF-002105,Customer 2105,7315,Activo
PERF-002106,Customer 2106,7318,Pendiente
PERF-002107,Customer 2107,7321,Activo
PERF-002108,Customer 2108,7324,Inactivo
PERF-002109,Customer 2109,7327,Pendiente
PERF-002110,Customer 2110,7330,Inactivo
PERF-002111,Customer 2111,7333,Activo
PERF-002112,Customer 2112,7336,Pendiente
PERF-002113,Customer 2113,7339,Activo
PERF-002114,Customer 2114,7342,Inactivo
PERF-002115,Customer 2115,7345,Pendiente
PERF-002116,Customer 2116,7348,Inactivo
PERF-002117,Customer 2117,7351,Activo
PERF-002118,Customer 2118,7354,Pendiente
PERF-002119,Customer 2119,7357,Activo
PERF-002120,CUSTOMER 2120,7360,inactivo
PERF-002121,Customer 2121,7363,Pendiente
PERF-002122,Customer 2122,7366,Inactivo
PERF-002123,Customer 2123,7369,Activo
PERF-002124,Customer 2124,7372,Pendiente
PERF-002125,Customer 2125,7375,Activo
PERF-002126,Customer 2126,7378,Inactivo
PERF-002127,Customer 2127,7381,Pendiente
PERF-002128,Customer 2128,7384,Inactivo
PERF-002129,Customer 2129,7387,Activo
PERF-002130,Customer 2130,7390,Pendiente
PERF-002131,Customer 2131,7393,Activo
PERF-002132,Customer 2132,7396,Inactivo
PERF-002133,Customer 2133,7399,Pendiente
PERF-002134,Customer 2134,7402,Inactivo
PERF-002135,Customer 2135,7405,Activo
PERF-002136,Customer 2136,7408,Pendiente
PERF-002137,Customer 2137,7411,Activo
PERF-002138,Customer 2138,7414,Inactivo
PERF-002139,Customer 2139,7417,Pendiente
PERF-002140,CUSTOMER 2140,7420,inactivo
PERF-002141,Customer 2141,7423,Activo
PERF-002142,Customer 2142,7426,Pendiente
PERF-002143,Customer 2143,7429,Activo
PERF-002144,Customer 2144,7432,Inactivo
PERF-002145,Customer 2145,7435,Pendiente
PERF-002146,Customer 2146,7438,Inactivo
PERF-002147,Customer 2147,7441,Activo
PERF-002148,Customer 2148,7444,Pendiente
PERF-002149,Customer 2149,7447,Activo
PERF-002150,Customer 2150,7452,Inactivo
PERF-002151,Customer 2151,7453,Pendiente
PERF-002152,Customer 2152,7456,Inactivo
PERF-002153,Customer 2153,7459,Activo
PERF-002154,Customer 2154,7462,Pendiente
PERF-002155,Customer 2155,7465,Activo
PERF-002156,Customer 2156,7468,Inactivo
PERF-002157,Customer 2157,7471,Pendiente
PERF-002158,Customer 2158,7474,Inactivo
PERF-002159,Customer 2159,7477,Activo
PERF-002160,CUSTOMER 2160,7480,pendiente
PERF-002161,Customer 2161,7483,Activo
PERF-002162,Customer 2162,7486,Inactivo
PERF-002163,Customer 2163,7489,Pendiente
PERF-002164,Customer 2164,7492,Inactivo
PERF-002165,Customer 2165,7495,Activo
PERF-002166,Customer 2166,7498,Pendiente
PERF-002167,Customer 2167,7501,Activo
PERF-002168,Customer 2168,7504,Inactivo
PERF-002169,Customer 2169,7507,Pendiente
PERF-002170,Customer 2170,7510,Inactivo
PERF-002171,Customer 2171,7513,Activo
PERF-002172,Customer 2172,7516,Pendiente
PERF-002173,Customer 2173,7519,Activo
PERF-002174,Customer 2174,7522,Inactivo
PERF-002175,Customer 2175,7525,Pendiente
PERF-002176,Customer 2176,7528,Inactivo
PERF-002177,Customer 2177,7531,Activo
PERF-002178,Customer 2178,7534,Pendiente
PERF-002179,Customer 2179,7537,Activo
PERF-002180,CUSTOMER 2180,7540,inactivo
PERF-002181,Customer 2181,7543,Pendiente
PERF-002182,Customer 2182,7546,Inactivo
PERF-002183,Customer 2183,7549,Activo
PERF-002184,Customer 2184,7552,Pendiente
PERF-002185,Customer 2185,7555,Activo
PERF-002186,Customer 2186,7558,Inactivo
PERF-002187,Customer 2187,7561,Pendiente
PERF-002188,Customer 2188,7564,Inactivo
PERF-002189,Customer 2189,7567,Activo
PERF-002190,Customer 2190,7570,Pendiente
PERF-002191,Customer 2191,7573,Activo
PERF-002192,Customer 2192,7576,Inactivo
PERF-002193,Customer 2193,7579,Pendiente
PERF-002194,Customer 2194,7582,Inactivo
PERF-002195,Customer 2195,7585,Activo
PERF-002196,Customer 2196,7588,Pendiente
PERF-002197,Customer 2197,7591,Activo
PERF-002198,Customer 2198,7594,Inactivo
PERF-002199,Customer 2199,7597,Pendiente
PERF-002200,CUSTOMER 2200,7620,inactivo
PERF-002201,Customer 2201,7603,Activo
PERF-002202,Customer 2202,7606,Pendiente
PERF-002203,Customer 2203,7609,Activo
PERF-002204,Customer 2204,7612,Inactivo
PERF-002205,Customer 2205,7615,Pendiente
PERF-002206,Customer 2206,7618,Inactivo
PERF-002207,Customer 2207,7621,Activo
PERF-002208,Customer 2208,7624,Pendiente
PERF-002209,Customer 2209,7627,Activo
PERF-002210,Customer 2210,7630,Inactivo
PERF-002211,Customer 2211,7633,Pendiente
PERF-002212,Customer 2212,7636,Inactivo
PERF-002213,Customer 2213,7639,Activo
PERF-002214,Customer 2214,7642,Pendiente
PERF-002215,Customer 2215,7645,Activo
PERF-002216,Customer 2216,7648,Inactivo
PERF-002217,Customer 2217,7651,Pendiente
PERF-002218,Customer 2218,7654,Inactivo
PERF-002219,Customer 2219,7657,Activo
PERF-002220,CUSTOMER 2220,7660,pendiente
PERF-002221,Customer 2221,7663,Activo
PERF-002222,Customer 2222,7666,Inactivo
PERF-002223,Customer 2223,7669,Pendiente
PERF-002224,Customer 2224,7672,Inactivo
PERF-002225,Customer 2225,7675,Activo
PERF-002226,Customer 2226,7678,Pendiente
PERF-002227,Customer 2227,7681,Activo
PERF-002228,Customer 2228,7684,Inactivo
PERF-002229,Customer 2229,7687,Pendiente
PERF-002230,Customer 2230,7690,Inactivo
PERF-002231,Customer 2231,7693,Activo
PERF-002232,Customer 2232,7696,Pendiente
PERF-002233,Customer 2233,7699,Activo
PERF-002234,Customer 2234,7702,Inactivo
PERF-002235,Customer 2235,7705,Pendiente
PERF-002236,Customer 2236,7708,Inactivo
PERF-002237,Customer 2237,7711,Activo
PERF-002238,Customer 2238,7714,Pendiente
PERF-002239,Customer 2239,7717,Activo
PERF-002240,CUSTOMER 2240,7720,inactivo
PERF-002241,Customer 2241,7723,Pendiente
PERF-002242,Customer 2242,7726,Inactivo
PERF-002243,Customer 2243,7729,Activo
PERF-002244,Customer 2244,7732,Pendiente
PERF-002245,Customer 2245,7735,Activo
PERF-002246,Customer 2246,7738,Inactivo
PERF-002247,Customer 2247,7741,Pendiente
PERF-002248,Customer 2248,7744,Inactivo
PERF-002249,Customer 2249,7747,Activo
PERF-002250,Customer 2250,7752,Pendiente
PERF-002251,Customer 2251,7753,Activo
PERF-002252,Customer 2252,7756,Inactivo
PERF-002253,Customer 2253,7759,Pendiente
PERF-002254,Customer 2254,7762,Inactivo
PERF-002255,Customer 2255,7765,Activo
PERF-002256,Customer 2256,7768,Pendiente
PERF-002257,Customer 2257,7771,Activo
PERF-002258,Customer 2258,7774,Inactivo
PERF-002259,Customer 2259,7777,Pendiente
PERF-002260,CUSTOMER 2260,7780,inactivo
PERF-002261,Customer 2261,7783,Activo
PERF-002262,Customer 2262,7786,Pendiente
PERF-002263,Customer 2263,7789,Activo
PERF-002264,Customer 2264,7792,Inactivo
PERF-002265,Customer 2265,7795,Pendiente
PERF-002266,Customer 2266,7798,Inactivo
PERF-002267,Customer 2267,7801,Activo
PERF-002268,Customer 2268,7804,Pendiente
PERF-002269,Customer 2269,7807,Activo
PERF-002270,Customer 2270,7810,Inactivo
PERF-002271,Customer 2271,7813,Pendiente
PERF-002272,Customer 2272,7816,Inactivo
PERF-002273,Customer 2273,7819,Activo
PERF-002274,Customer 2274,7822,Pendiente
PERF-002275,Customer 2275,7825,Activo
PERF-002276,Customer 2276,7828,Inactivo
PERF-002277,Customer 2277,7831,Pendiente
PERF-002278,Customer 2278,7834,Inactivo
PERF-002279,Customer 2279,7837,Activo
PERF-002280,CUSTOMER 2280,7840,pendiente
PERF-002281,Customer 2281,7843,Activo
PERF-002282,Customer 2282,7846,Inactivo
PERF-002283,Customer 2283,7849,Pendiente
PERF-002284,Customer 2284,7852,Inactivo
PERF-002285,Customer 2285,7855,Activo
PERF-002286,Customer 2286,7858,Pendiente
PERF-002287,Customer 2287,7861,Activo
PERF-002288,Customer 2288,7864,Inactivo
PERF-002289,Customer 2289,7867,Pendiente
PERF-002290,Customer 2290,7870,Inactivo
PERF-002291,Customer 2291,7873,Activo
PERF-002292,Customer 2292,7876,Pendiente
PERF-002293,Customer 2293,7879,Activo
PERF-002294,Customer 2294,7882,Inactivo
PERF-002295,Customer 2295,7885,Pendiente
PERF-002296,Customer 2296,7888,Inactivo
PERF-002297,Customer 2297,7891,Activo
PERF-002298,Customer 2298,7894,Pendiente
PERF-002299,Customer 2299,7897,Activo
PERF-002300,CUSTOMER 2300,7920,inactivo
PERF-002301,Customer 2301,7903,Pendiente
PERF-002302,Customer 2302,7906,Inactivo
PERF-002303,Customer 2303,7909,Activo
PERF-002304,Customer 2304,7912,Pendiente
PERF-002305,Customer 2305,7915,Activo
PERF-002306,Customer 2306,7918,Inactivo
PERF-002307,Customer 2307,7921,Pendiente
PERF-002308,Customer 2308,7924,Inactivo
PERF-002309,Customer 2309,7927,Activo
PERF-002310,Customer 2310,7930,Pendiente
PERF-002311,Customer 2311,7933,Activo
PERF-002312,Customer 2312,7936,Inactivo
PERF-002313,Customer 2313,7939,Pendiente
PERF-002314,Customer 2314,7942,Inactivo
PERF-002315,Customer 2315,7945,Activo
PERF-002316,Customer 2316,7948,Pendiente
PERF-002317,Customer 2317,7951,Activo
PERF-002318,Customer 2318,7954,Inactivo
PERF-002319,Customer 2319,7957,Pendiente
PERF-002320,CUSTOMER 2320,7960,inactivo
PERF-002321,Customer 2321,7963,Activo
PERF-002322,Customer 2322,7966,Pendiente
PERF-002323,Customer 2323,7969,Activo
PERF-002324,Customer 2324,7972,Inactivo
PERF-002325,Customer 2325,7975,Pendiente
PERF-002326,Customer 2326,7978,Inactivo
PERF-002327,Customer 2327,7981,Activo
PERF-002328,Customer 2328,7984,Pendiente
PERF-002329,Customer 2329,7987,Activo
PERF-002330,Customer 2330,7990,Inactivo
PERF-002331,Customer 2331,7993,Pendiente
PERF-002332,Customer 2332,7996,Inactivo
PERF-002333,Customer 2333,7999,Activo
PERF-002334,Customer 2334,8002,Pendiente
PERF-002335,Customer 2335,8005,Activo
PERF-002336,Customer 2336,8008,Inactivo
PERF-002337,Customer 2337,8011,Pendiente
PERF-002338,Customer 2338,8014,Inactivo
PERF-002339,Customer 2339,8017,Activo
PERF-002340,CUSTOMER 2340,8020,pendiente
PERF-002341,Customer 2341,8023,Activo
PERF-002342,Customer 2342,8026,Inactivo
PERF-002343,Customer 2343,8029,Pendiente
PERF-002344,Customer 2344,8032,Inactivo
PERF-002345,Customer 2345,8035,Activo
PERF-002346,Customer 2346,8038,Pendiente
PERF-002347,Customer 2347,8041,Activo
PERF-002348,Customer 2348,8044,Inactivo
PERF-002349,Customer 2349,8047,Pendiente
PERF-002350,Customer 2350,8052,Inactivo
PERF-002351,Customer 2351,8053,Activo
PERF-002352,Customer 2352,8056,Pendiente
PERF-002353,Customer 2353,8059,Activo
PERF-002354,Customer 2354,8062,Inactivo
PERF-002355,Customer 2355,8065,Pendiente
PERF-002356,Customer 2356,8068,Inactivo
PERF-002357,Customer 2357,8071,Activo
PERF-002358,Customer 2358,8074,Pendiente
PERF-002359,Customer 2359,8077,Activo
PERF-002360,CUSTOMER 2360,8080,inactivo
PERF-002361,Customer 2361,8083,Pendiente
PERF-002362,Customer 2362,8086,Inactivo
PERF-002363,Customer 2363,8089,Activo
PERF-002364,Customer 2364,8092,Pendiente
PERF-002365,Customer 2365,8095,Activo
PERF-002366,Customer 2366,8098,Inactivo
PERF-002367,Customer 2367,8101,Pendiente
PERF-002368,Customer 2368,8104,Inactivo
PERF-002369,Customer 2369,8107,Activo
PERF-002370,Customer 2370,8110,Pendiente
PERF-002371,Customer 2371,8113,Activo
PERF-002372,Customer 2372,8116,Inactivo
PERF-002373,Customer 2373,8119,Pendiente
PERF-002374,Customer 2374,8122,Inactivo
PERF-002375,Customer 2375,8125,Activo
PERF-002376,Customer 2376,8128,Pendiente
PERF-002377,Customer 2377,8131,Activo
PERF-002378,Customer 2378,8134,Inactivo
PERF-002379,Customer 2379,8137,Pendiente
PERF-002380,CUSTOMER 2380,8140,inactivo
PERF-002381,Customer 2381,8143,Activo
PERF-002382,Customer 2382,8146,Pendiente
PERF-002383,Customer 2383,8149,Activo
PERF-002384,Customer 2384,8152,Inactivo
PERF-002385,Customer 2385,8155,Pendiente
PERF-002386,Customer 2386,8158,Inactivo
PERF-002387,Customer 2387,8161,Activo
PERF-002388,Customer 2388,8164,Pendiente
PERF-002389,Customer 2389,8167,Activo
PERF-002390,Customer 2390,8170,Inactivo
PERF-002391,Customer 2391,8173,Pendiente
PERF-002392,Customer 2392,8176,Inactivo
PERF-002393,Customer 2393,8179,Activo
PERF-002394,Customer 2394,8182,Pendiente
PERF-002395,Customer 2395,8185,Activo
PERF-002396,Customer 2396,8188,Inactivo
PERF-002397,Customer 2397,8191,Pendiente
PERF-002398,Customer 2398,8194,Inactivo
PERF-002399,Customer 2399,8197,Activo
PERF-002400,CUSTOMER 2400,8220,pendiente
PERF-002401,Customer 2401,8203,Activo
PERF-002402,Customer 2402,8206,Inactivo
PERF-002403,Customer 2403,8209,Pendiente
PERF-002404,Customer 2404,8212,Inactivo
PERF-002405,Customer 2405,8215,Activo
PERF-002406,Customer 2406,8218,Pendiente
PERF-002407,Customer 2407,8221,Activo
PERF-002408,Customer 2408,8224,Inactivo
PERF-002409,Customer 2409,8227,Pendiente
PERF-002410,Customer 2410,8230,Inactivo
PERF-002411,Customer 2411,8233,Activo
PERF-002412,Customer 2412,8236,Pendiente
PERF-002413,Customer 2413,8239,Activo
PERF-002414,Customer 2414,8242,Inactivo
PERF-002415,Customer 2415,8245,Pendiente
PERF-002416,Customer 2416,8248,Inactivo
PERF-002417,Customer 2417,8251,Activo
PERF-002418,Customer 2418,8254,Pendiente
PERF-002419,Customer 2419,8257,Activo
PERF-002420,CUSTOMER 2420,8260,inactivo
PERF-002421,Customer 2421,8263,Pendiente
PERF-002422,Customer 2422,8266,Inactivo
PERF-002423,Customer 2423,8269,Activo
PERF-002424,Customer 2424,8272,Pendiente
PERF-002425,Customer 2425,8275,Activo
PERF-002426,Customer 2426,8278,Inactivo
PERF-002427,Customer 2427,8281,Pendiente
PERF-002428,Customer 2428,8284,Inactivo
PERF-002429,Customer 2429,8287,Activo
PERF-002430,Customer 2430,8290,Pendiente
PERF-002431,Customer 2431,8293,Activo
PERF-002432,Customer 2432,8296,Inactivo
PERF-002433,Customer 2433,8299,Pendiente
PERF-002434,Customer 2434,8302,Inactivo
PERF-002435,Customer 2435,8305,Activo
PERF-002436,Customer 2436,8308,Pendiente
PERF-002437,Customer 2437,8311,Activo
PERF-002438,Customer 2438,8314,Inactivo
PERF-002439,Customer 2439,8317,Pendiente
PERF-002440,CUSTOMER 2440,8320,inactivo
PERF-002441,Customer 2441,8323,Activo
PERF-002442,Customer 2442,8326,Pendiente
PERF-002443,Customer 2443,8329,Activo
PERF-002444,Customer 2444,8332,Inactivo
PERF-002445,Customer 2445,8335,Pendiente
PERF-002446,Customer 2446,8338,Inactivo
PERF-002447,Customer 2447,8341,Activo
PERF-002448,Customer 2448,8344,Pendiente
PERF-002449,Customer 2449,8347,Activo
PERF-002450,Customer 2450,8352,Inactivo
PERF-002451,Customer 2451,8353,Pendiente
PERF-002452,Customer 2452,8356,Inactivo
PERF-002453,Customer 2453,8359,Activo
PERF-002454,Customer 2454,8362,Pendiente
PERF-002455,Customer 2455,8365,Activo
PERF-002456,Customer 2456,8368,Inactivo
PERF-002457,Customer 2457,8371,Pendiente
PERF-002458,Customer 2458,8374,Inactivo
PERF-002459,Customer 2459,8377,Activo
PERF-002460,CUSTOMER 2460,8380,pendiente
PERF-002461,Customer 2461,8383,Activo
PERF-002462,Customer 2462,8386,Inactivo
PERF-002463,Customer 2463,8389,Pendiente
PERF-002464,Customer 2464,8392,Inactivo
PERF-002465,Customer 2465,8395,Activo
PERF-002466,Customer 2466,8398,Pendiente
PERF-002467,Customer 2467,8401,Activo
PERF-002468,Customer 2468,8404,Inactivo
PERF-002469,Customer 2469,8407,Pendiente
PERF-002470,Customer 2470,8410,Inactivo
PERF-002471,Customer 2471,8413,Activo
PERF-002472,Customer 2472,8416,Pendiente
PERF-002473,Customer 2473,8419,Activo
PERF-002474,Customer 2474,8422,Inactivo
PERF-002475,Customer 2475,8425,Pendiente
PERF-002476,Customer 2476,8428,Inactivo
PERF-002477,Customer 2477,8431,Activo
PERF-002478,Customer 2478,8434,Pendiente
PERF-002479,Customer 2479,8437,Activo
PERF-002480,CUSTOMER 2480,8440,inactivo
PERF-002481,Customer 2481,8443,Pendiente
PERF-002482,Customer 2482,8446,Inactivo
PERF-002483,Customer 2483,8449,Activo
PERF-002484,Customer 2484,8452,Pendiente
PERF-002485,Customer 2485,8455,Activo
PERF-002486,Customer 2486,8458,Inactivo
PERF-002487,Customer 2487,8461,Pendiente
PERF-002488,Customer 2488,8464,Inactivo
PERF-002489,Customer 2489,8467,Activo
PERF-002490,Customer 2490,8470,Pendiente
PERF-002491,Customer 2491,8473,Activo
PERF-002492,Customer 2492,8476,Inactivo
PERF-002493,Customer 2493,8479,Pendiente
PERF-002494,Customer 2494,8482,Inactivo
PERF-002495,Customer 2495,8485,Activo
PERF-002496,Customer 2496,8488,Pendiente
PERF-002497,Customer 2497,8491,Activo
PERF-002498,Customer 2498,8494,Inactivo
PERF-002499,Customer 2499,8497,Pendiente
PERF-002500,CUSTOMER 2500,8520,inactivo
PERF-002501,Customer 2501,8503,Activo
PERF-002502,Customer 2502,8506,Pendiente
PERF-002503,Customer 2503,8509,Activo
PERF-002504,Customer 2504,8512,Inactivo
PERF-002505,Customer 2505,8515,Pendiente
PERF-002506,Customer 2506,8518,Inactivo
PERF-002507,Customer 2507,8521,Activo
PERF-002508,Customer 2508,8524,Pendiente
PERF-002509,Customer 2509,8527,Activo
PERF-002510,Customer 2510,8530,Inactivo
PERF-002511,Customer 2511,8533,Pendiente
PERF-002512,Customer 2512,8536,Inactivo
PERF-002513,Customer 2513,8539,Activo
PERF-002514,Customer 2514,8542,Pendiente
PERF-002515,Customer 2515,8545,Activo
PERF-002516,Customer 2516,8548,Inactivo
PERF-002517,Customer 2517,8551,Pendiente
PERF-002518,Customer 2518,8554,Inactivo
PERF-002519,Customer 2519,8557,Activo
PERF-002520,CUSTOMER 2520,8560,pendiente
PERF-002521,Customer 2521,8563,Activo
PERF-002522,Customer 2522,8566,Inactivo
PERF-002523,Customer 2523,8569,Pendiente
PERF-002524,Customer 2524,8572,Inactivo
PERF-002525,Customer 2525,8575,Activo
PERF-002526,Customer 2526,8578,Pendiente
PERF-002527,Customer 2527,8581,Activo
PERF-002528,Customer 2528,8584,Inactivo
PERF-002529,Customer 2529,8587,Pendiente
PERF-002530,Customer 2530,8590,Inactivo
PERF-002531,Customer 2531,8593,Activo
PERF-002532,Customer 2532,8596,Pendiente
PERF-002533,Customer 2533,8599,Activo
PERF-002534,Customer 2534,8602,Inactivo
PERF-002535,Customer 2535,8605,Pendiente
PERF-002536,Customer 2536,8608,Inactivo
PERF-002537,Customer 2537,8611,Activo
PERF-002538,Customer 2538,8614,Pendiente
PERF-002539,Customer 2539,8617,Activo
PERF-002540,CUSTOMER 2540,8620,inactivo
PERF-002541,Customer 2541,8623,Pendiente
PERF-002542,Customer 2542,8626,Inactivo
PERF-002543,Customer 2543,8629,Activo
PERF-002544,Customer 2544,8632,Pendiente
PERF-002545,Customer 2545,8635,Activo
PERF-002546,Customer 2546,8638,Inactivo
PERF-002547,Customer 2547,8641,Pendiente
PERF-002548,Customer 2548,8644,Inactivo
PERF-002549,Customer 2549,8647,Activo
PERF-002550,Customer 2550,8652,Pendiente
PERF-002551,Customer 2551,8653,Activo
PERF-002552,Customer 2552,8656,Inactivo
PERF-002553,Customer 2553,8659,Pendiente
PERF-002554,Customer 2554,8662,Inactivo
PERF-002555,Customer 2555,8665,Activo
PERF-002556,Customer 2556,8668,Pendiente
PERF-002557,Customer 2557,8671,Activo
PERF-002558,Customer 2558,8674,Inactivo
PERF-002559,Customer 2559,8677,Pendiente
PERF-002560,CUSTOMER 2560,8680,inactivo
PERF-002561,Customer 2561,8683,Activo
PERF-002562,Customer 2562,8686,Pendiente
PERF-002563,Customer 2563,8689,Activo
PERF-002564,Customer 2564,8692,Inactivo
PERF-002565,Customer 2565,8695,Pendiente
PERF-002566,Customer 2566,8698,Inactivo
PERF-002567,Customer 2567,8701,Activo
PERF-002568,Customer 2568,8704,Pendiente
PERF-002569,Customer 2569,8707,Activo
PERF-002570,Customer 2570,8710,Inactivo
PERF-002571,Customer 2571,8713,Pendiente
PERF-002572,Customer 2572,8716,Inactivo
PERF-002573,Customer 2573,8719,Activo
PERF-002574,Customer 2574,8722,Pendiente
PERF-002575,Customer 2575,8725,Activo
PERF-002576,Customer 2576,8728,Inactivo
PERF-002577,Customer 2577,8731,Pendiente
PERF-002578,Customer 2578,8734,Inactivo
PERF-002579,Customer 2579,8737,Activo
PERF-002580,CUSTOMER 2580,8740,pendiente
PERF-002581,Customer 2581,8743,Activo
PERF-002582,Customer 2582,8746,Inactivo
PERF-002583,Customer 2583,8749,Pendiente
PERF-002584,Customer 2584,8752,Inactivo
PERF-002585,Customer 2585,8755,Activo
PERF-002586,Customer 2586,8758,Pendiente
PERF-002587,Customer 2587,8761,Activo
PERF-002588,Customer 2588,8764,Inactivo
PERF-002589,Customer 2589,8767,Pendiente
PERF-002590,Customer 2590,8770,Inactivo
PERF-002591,Customer 2591,8773,Activo
PERF-002592,Customer 2592,8776,Pendiente
PERF-002593,Customer 2593,8779,Activo
PERF-002594,Customer 2594,8782,Inactivo
PERF-002595,Customer 2595,8785,Pendiente
PERF-002596,Customer 2596,8788,Inactivo
PERF-002597,Customer 2597,8791,Activo
PERF-002598,Customer 2598,8794,Pendiente
PERF-002599,Customer 2599,8797,Activo
PERF-002600,CUSTOMER 2600,8820,inactivo
PERF-002601,Customer 2601,8803,Pendiente
PERF-002602,Customer 2602,8806,Inactivo
PERF-002603,Customer 2603,8809,Activo
PERF-002604,Customer 2604,8812,Pendiente
PERF-002605,Customer 2605,8815,Activo
PERF-002606,Customer 2606,8818,Inactivo
PERF-002607,Customer 2607,8821,Pendiente
PERF-002608,Customer 2608,8824,Inactivo
PERF-002609,Customer 2609,8827,Activo
PERF-002610,Customer 2610,8830,Pendiente
PERF-002611,Customer 2611,8833,Activo
PERF-002612,Customer 2612,8836,Inactivo
PERF-002613,Customer 2613,8839,Pendiente
PERF-002614,Customer 2614,8842,Inactivo
PERF-002615,Customer 2615,8845,Activo
PERF-002616,Customer 2616,8848,Pendiente
PERF-002617,Customer 2617,8851,Activo
PERF-002618,Customer 2618,8854,Inactivo
PERF-002619,Customer 2619,8857,Pendiente
PERF-002620,CUSTOMER 2620,8860,inactivo
PERF-002621,Customer 2621,8863,Activo
PERF-002622,Customer 2622,8866,Pendiente
PERF-002623,Customer 2623,8869,Activo
PERF-002624,Customer 2624,8872,Inactivo
PERF-002625,Customer 2625,8875,Pendiente
PERF-002626,Customer 2626,8878,Inactivo
PERF-002627,Customer 2627,8881,Activo
PERF-002628,Customer 2628,8884,Pendiente
PERF-002629,Customer 2629,8887,Activo
PERF-002630,Customer 2630,8890,Inactivo
PERF-002631,Customer 2631,8893,Pendiente
PERF-002632,Customer 2632,8896,Inactivo
PERF-002633,Customer 2633,8899,Activo
PERF-002634,Customer 2634,8902,Pendiente
PERF-002635,Customer 2635,8905,Activo
PERF-002636,Customer 2636,8908,Inactivo
PERF-002637,Customer 2637,8911,Pendiente
PERF-002638,Customer 2638,8914,Inactivo
PERF-002639,Customer 2639,8917,Activo
PERF-002640,CUSTOMER 2640,8920,pendiente
PERF-002641,Customer 2641,8923,Activo
PERF-002642,Customer 2642,8926,Inactivo
PERF-002643,Customer 2643,8929,Pendiente
PERF-002644,Customer 2644,8932,Inactivo
PERF-002645,Customer 2645,8935,Activo
PERF-002646,Customer 2646,8938,Pendiente
PERF-002647,Customer 2647,8941,Activo
PERF-002648,Customer 2648,8944,Inactivo
PERF-002649,Customer 2649,8947,Pendiente
PERF-002650,Customer 2650,8952,Inactivo
PERF-002651,Customer 2651,8953,Activo
PERF-002652,Customer 2652,8956,Pendiente
PERF-002653,Customer 2653,8959,Activo
PERF-002654,Customer 2654,8962,Inactivo
PERF-002655,Customer 2655,8965,Pendiente
PERF-002656,Customer 2656,8968,Inactivo
PERF-002657,Customer 2657,8971,Activo
PERF-002658,Customer 2658,8974,Pendiente
PERF-002659,Customer 2659,8977,Activo
PERF-002660,CUSTOMER 2660,8980,inactivo
PERF-002661,Customer 2661,8983,Pendiente
PERF-002662,Customer 2662,8986,Inactivo
PERF-002663,Customer 2663,8989,Activo
PERF-002664,Customer 2664,8992,Pendiente
PERF-002665,Customer 2665,8995,Activo
PERF-002666,Customer 2666,8998,Inactivo
PERF-002667,Customer 2667,9001,Pendiente
PERF-002668,Customer 2668,9004,Inactivo
PERF-002669,Customer 2669,9007,Activo
PERF-002670,Customer 2670,9010,Pendiente
PERF-002671,Customer 2671,9013,Activo
PERF-002672,Customer 2672,9016,Inactivo
PERF-002673,Customer 2673,9019,Pendiente
PERF-002674,Customer 2674,9022,Inactivo
PERF-002675,Customer 2675,9025,Activo
PERF-002676,Customer 2676,9028,Pendiente
PERF-002677,Customer 2677,9031,Activo
PERF-002678,Customer 2678,9034,Inactivo
PERF-002679,Customer 2679,9037,Pendiente
PERF-002680,CUSTOMER 2680,9040,inactivo
PERF-002681,Customer 2681,9043,Activo
PERF-002682,Customer 2682,9046,Pendiente
PERF-002683,Customer 2683,9049,Activo
PERF-002684,Customer 2684,9052,Inactivo
PERF-002685,Customer 2685,9055,Pendiente
PERF-002686,Customer 2686,9058,Inactivo
PERF-002687,Customer 2687,9061,Activo
PERF-002688,Customer 2688,9064,Pendiente
PERF-002689,Customer 2689,9067,Activo
PERF-002690,Customer 2690,9070,Inactivo
PERF-002691,Customer 2691,9073,Pendiente
PERF-002692,Customer 2692,9076,Inactivo
PERF-002693,Customer 2693,9079,Activo
PERF-002694,Customer 2694,9082,Pendiente
PERF-002695,Customer 2695,9085,Activo
PERF-002696,Customer 2696,9088,Inactivo
PERF-002697,Customer 2697,9091,Pendiente
PERF-002698,Customer 2698,9094,Inactivo
PERF-002699,Customer 2699,9097,Activo
PERF-002700,CUSTOMER 2700,9120,pendiente
PERF-002701,Customer 2701,9103,Activo
PERF-002702,Customer 2702,9106,Inactivo
PERF-002703,Customer 2703,9109,Pendiente
PERF-002704,Customer 2704,9112,Inactivo
PERF-002705,Customer 2705,9115,Activo
PERF-002706,Customer 2706,9118,Pendiente
PERF-002707,Customer 2707,9121,Activo
PERF-002708,Customer 2708,9124,Inactivo
PERF-002709,Customer 2709,9127,Pendiente
PERF-002710,Customer 2710,9130,Inactivo
PERF-002711,Customer 2711,9133,Activo
PERF-002712,Customer 2712,9136,Pendiente
PERF-002713,Customer 2713,9139,Activo
PERF-002714,Customer 2714,9142,Inactivo
PERF-002715,Customer 2715,9145,Pendiente
PERF-002716,Customer 2716,9148,Inactivo
PERF-002717,Customer 2717,9151,Activo
PERF-002718,Customer 2718,9154,Pendiente
PERF-002719,Customer 2719,9157,Activo
PERF-002720,CUSTOMER 2720,9160,inactivo
PERF-002721,Customer 2721,9163,Pendiente
PERF-002722,Customer 2722,9166,Inactivo
PERF-002723,Customer 2723,9169,Activo
PERF-002724,Customer 2724,9172,Pendiente
PERF-002725,Customer 2725,9175,Activo
PERF-002726,Customer 2726,9178,Inactivo
PERF-002727,Customer 2727,9181,Pendiente
PERF-002728,Customer 2728,9184,Inactivo
PERF-002729,Customer 2729,9187,Activo
PERF-002730,Customer 2730,9190,Pendiente
PERF-002731,Customer 2731,9193,Activo
PERF-002732,Customer 2732,9196,Inactivo
PERF-002733,Customer 2733,9199,Pendiente
PERF-002734,Customer 2734,9202,Inactivo
PERF-002735,Customer 2735,9205,Activo
PERF-002736,Customer 2736,9208,Pendiente
PERF-002737,Customer 2737,9211,Activo
PERF-002738,Customer 2738,9214,Inactivo
PERF-002739,Customer 2739,9217,Pendiente
PERF-002740,CUSTOMER 2740,9220,inactivo
PERF-002741,Customer 2741,9223,Activo
PERF-002742,Customer 2742,9226,Pendiente
PERF-002743,Customer 2743,9229,Activo
PERF-002744,Customer 2744,9232,Inactivo
PERF-002745,Customer 2745,9235,Pendiente
PERF-002746,Customer 2746,9238,Inactivo
PERF-002747,Customer 2747,9241,Activo
PERF-002748,Customer 2748,9244,Pendiente
PERF-002749,Customer 2749,9247,Activo
PERF-002750,Customer 2750,9252,Inactivo
PERF-002751,Customer 2751,9253,Pendiente
PERF-002752,Customer 2752,9256,Inactivo
PERF-002753,Customer 2753,9259,Activo
PERF-002754,Customer 2754,9262,Pendiente
PERF-002755,Customer 2755,9265,Activo
PERF-002756,Customer 2756,9268,Inactivo
PERF-002757,Customer 2757,9271,Pendiente
PERF-002758,Customer 2758,9274,Inactivo
PERF-002759,Customer 2759,9277,Activo
PERF-002760,CUSTOMER 2760,9280,pendiente
PERF-002761,Customer 2761,9283,Activo
PERF-002762,Customer 2762,9286,Inactivo
PERF-002763,Customer 2763,9289,Pendiente
PERF-002764,Customer 2764,9292,Inactivo
PERF-002765,Customer 2765,9295,Activo
PERF-002766,Customer 2766,9298,Pendiente
PERF-002767,Customer 2767,9301,Activo
PERF-002768,Customer 2768,9304,Inactivo
PERF-002769,Customer 2769,9307,Pendiente
PERF-002770,Customer 2770,9310,Inactivo
PERF-002771,Customer 2771,9313,Activo
PERF-002772,Customer 2772,9316,Pendiente
PERF-002773,Customer 2773,9319,Activo
PERF-002774,Customer 2774,9322,Inactivo
PERF-002775,Customer 2775,9325,Pendiente
PERF-002776,Customer 2776,9328,Inactivo
PERF-002777,Customer 2777,9331,Activo
PERF-002778,Customer 2778,9334,Pendiente
PERF-002779,Customer 2779,9337,Activo
PERF-002780,CUSTOMER 2780,9340,inactivo
PERF-002781,Customer 2781,9343,Pendiente
PERF-002782,Customer 2782,9346,Inactivo
PERF-002783,Customer 2783,9349,Activo
PERF-002784,Customer 2784,9352,Pendiente
PERF-002785,Customer 2785,9355,Activo
PERF-002786,Customer 2786,9358,Inactivo
PERF-002787,Customer 2787,9361,Pendiente
PERF-002788,Customer 2788,9364,Inactivo
PERF-002789,Customer 2789,9367,Activo
PERF-002790,Customer 2790,9370,Pendiente
PERF-002791,Customer 2791,9373,Activo
PERF-002792,Customer 2792,9376,Inactivo
PERF-002793,Customer 2793,9379,Pendiente
PERF-002794,Customer 2794,9382,Inactivo
PERF-002795,Customer 2795,9385,Activo
PERF-002796,Customer 2796,9388,Pendiente
PERF-002797,Customer 2797,9391,Activo
PERF-002798,Customer 2798,9394,Inactivo
PERF-002799,Customer 2799,9397,Pendiente
PERF-002800,CUSTOMER 2800,9420,inactivo
PERF-002801,Customer 2801,9403,Activo
PERF-002802,Customer 2802,9406,Pendiente
PERF-002803,Customer 2803,9409,Activo
PERF-002804,Customer 2804,9412,Inactivo
PERF-002805,Customer 2805,9415,Pendiente
PERF-002806,Customer 2806,9418,Inactivo
PERF-002807,Customer 2807,9421,Activo
PERF-002808,Customer 2808,9424,Pendiente
PERF-002809,Customer 2809,9427,Activo
PERF-002810,Customer 2810,9430,Inactivo
PERF-002811,Customer 2811,9433,Pendiente
PERF-002812,Customer 2812,9436,Inactivo
PERF-002813,Customer 2813,9439,Activo
PERF-002814,Customer 2814,9442,Pendiente
PERF-002815,Customer 2815,9445,Activo
PERF-002816,Customer 2816,9448,Inactivo
PERF-002817,Customer 2817,9451,Pendiente
PERF-002818,Customer 2818,9454,Inactivo
PERF-002819,Customer 2819,9457,Activo
PERF-002820,CUSTOMER 2820,9460,pendiente
PERF-002821,Customer 2821,9463,Activo
PERF-002822,Customer 2822,9466,Inactivo
PERF-002823,Customer 2823,9469,Pendiente
PERF-002824,Customer 2824,9472,Inactivo
PERF-002825,Customer 2825,9475,Activo
PERF-002826,Customer 2826,9478,Pendiente
PERF-002827,Customer 2827,9481,Activo
PERF-002828,Customer 2828,9484,Inactivo
PERF-002829,Customer 2829,9487,Pendiente
PERF-002830,Customer 2830,9490,Inactivo
PERF-002831,Customer 2831,9493,Activo
PERF-002832,Customer 2832,9496,Pendiente
PERF-002833,Customer 2833,9499,Activo
PERF-002834,Customer 2834,9502,Inactivo
PERF-002835,Customer 2835,9505,Pendiente
PERF-002836,Customer 2836,9508,Inactivo
PERF-002837,Customer 2837,9511,Activo
PERF-002838,Customer 2838,9514,Pendiente
PERF-002839,Customer 2839,9517,Activo
PERF-002840,CUSTOMER 2840,9520,inactivo
PERF-002841,Customer 2841,9523,Pendiente
PERF-002842,Customer 2842,9526,Inactivo
PERF-002843,Customer 2843,9529,Activo
PERF-002844,Customer 2844,9532,Pendiente
PERF-002845,Customer 2845,9535,Activo
PERF-002846,Customer 2846,9538,Inactivo
PERF-002847,Customer 2847,9541,Pendiente
PERF-002848,Customer 2848,9544,Inactivo
PERF-002849,Customer 2849,9547,Activo
PERF-002850,Customer 2850,9552,Pendiente
PERF-002851,Customer 2851,9553,Activo
PERF-002852,Customer 2852,9556,Inactivo
PERF-002853,Customer 2853,9559,Pendiente
PERF-002854,Customer 2854,9562,Inactivo
PERF-002855,Customer 2855,9565,Activo
PERF-002856,Customer 2856,9568,Pendiente
PERF-002857,Customer 2857,9571,Activo
PERF-002858,Customer 2858,9574,Inactivo
PERF-002859,Customer 2859,9577,Pendiente
PERF-002860,CUSTOMER 2860,9580,inactivo
PERF-002861,Customer 2861,9583,Activo
PERF-002862,Customer 2862,9586,Pendiente
PERF-002863,Customer 2863,9589,Activo
PERF-002864,Customer 2864,9592,Inactivo
PERF-002865,Customer 2865,9595,Pendiente
PERF-002866,Customer 2866,9598,Inactivo
PERF-002867,Customer 2867,9601,Activo
PERF-002868,Customer 2868,9604,Pendiente
PERF-002869,Customer 2869,9607,Activo
PERF-002870,Customer 2870,9610,Inactivo
PERF-002871,Customer 2871,9613,Pendiente
PERF-002872,Customer 2872,9616,Inactivo
PERF-002873,Customer 2873,9619,Activo
PERF-002874,Customer 2874,9622,Pendiente
PERF-002875,Customer 2875,9625,Activo
PERF-002876,Customer 2876,9628,Inactivo
PERF-002877,Customer 2877,9631,Pendiente
PERF-002878,Customer 2878,9634,Inactivo
PERF-002879,Customer 2879,9637,Activo
PERF-002880,CUSTOMER 2880,9640,pendiente
PERF-002881,Customer 2881,9643,Activo
PERF-002882,Customer 2882,9646,Inactivo
PERF-002883,Customer 2883,9649,Pendiente
PERF-002884,Customer 2884,9652,Inactivo
PERF-002885,Customer 2885,9655,Activo
PERF-002886,Customer 2886,9658,Pendiente
PERF-002887,Customer 2887,9661,Activo
PERF-002888,Customer 2888,9664,Inactivo
PERF-002889,Customer 2889,9667,Pendiente
PERF-002890,Customer 2890,9670,Inactivo
PERF-002891,Customer 2891,9673,Activo
PERF-002892,Customer 2892,9676,Pendiente
PERF-002893,Customer 2893,9679,Activo
PERF-002894,Customer 2894,9682,Inactivo
PERF-002895,Customer 2895,9685,Pendiente
PERF-002896,Customer 2896,9688,Inactivo
PERF-002897,Customer 2897,9691,Activo
PERF-002898,Customer 2898,9694,Pendiente
PERF-002899,Customer 2899,9697,Activo
PERF-002900,CUSTOMER 2900,9720,inactivo
PERF-002901,Customer 2901,9703,Pendiente
PERF-002902,Customer 2902,9706,Inactivo
PERF-002903,Customer 2903,9709,Activo
PERF-002904,Customer 2904,9712,Pendiente
PERF-002905,Customer 2905,9715,Activo
PERF-002906,Customer 2906,9718,Inactivo
PERF-002907,Customer 2907,9721,Pendiente
PERF-002908,Customer 2908,9724,Inactivo
PERF-002909,Customer 2909,9727,Activo
PERF-002910,Customer 2910,9730,Pendiente
PERF-002911,Customer 2911,9733,Activo
PERF-002912,Customer 2912,9736,Inactivo
PERF-002913,Customer 2913,9739,Pendiente
PERF-002914,Customer 2914,9742,Inactivo
PERF-002915,Customer 2915,9745,Activo
PERF-002916,Customer 2916,9748,Pendiente
PERF-002917,Customer 2917,9751,Activo
PERF-002918,Customer 2918,9754,Inactivo
PERF-002919,Customer 2919,9757,Pendiente
PERF-002920,CUSTOMER 2920,9760,inactivo
PERF-002921,Customer 2921,9763,Activo
PERF-002922,Customer 2922,9766,Pendiente
PERF-002923,Customer 2923,9769,Activo
PERF-002924,Customer 2924,9772,Inactivo
PERF-002925,Customer 2925,9775,Pendiente
PERF-002926,Customer 2926,9778,Inactivo
PERF-002927,Customer 2927,9781,Activo
PERF-002928,Customer 2928,9784,Pendiente
PERF-002929,Customer 2929,9787,Activo
PERF-002930,Customer 2930,9790,Inactivo
PERF-002931,Customer 2931,9793,Pendiente
PERF-002932,Customer 2932,9796,Inactivo
PERF-002933,Customer 2933,9799,Activo
PERF-002934,Customer 2934,9802,Pendiente
PERF-002935,Customer 2935,9805,Activo
PERF-002936,Customer 2936,9808,Inactivo
PERF-002937,Customer 2937,9811,Pendiente
PERF-002938,Customer 2938,9814,Inactivo
PERF-002939,Customer 2939,9817,Activo
PERF-002940,CUSTOMER 2940,9820,pendiente
PERF-002941,Customer 2941,9823,Activo
PERF-002942,Customer 2942,9826,Inactivo
PERF-002943,Customer 2943,9829,Pendiente
PERF-002944,Customer 2944,9832,Inactivo
PERF-002945,Customer 2945,9835,Activo
PERF-002946,Customer 2946,9838,Pendiente
PERF-002947,Customer 2947,9841,Activo
PERF-002948,Customer 2948,9844,Inactivo
PERF-002949,Customer 2949,9847,Pendiente
PERF-002950,Customer 2950,9852,Inactivo
PERF-002951,Customer 2951,9853,Activo
PERF-002952,Customer 2952,9856,Pendiente
PERF-002953,Customer 2953,9859,Activo
PERF-002954,Customer 2954,9862,Inactivo
PERF-002955,Customer 2955,9865,Pendiente
PERF-002956,Customer 2956,9868,Inactivo
PERF-002957,Customer 2957,9871,Activo
PERF-002958,Customer 2958,9874,Pendiente
PERF-002959,Customer 2959,9877,Activo
PERF-002960,CUSTOMER 2960,9880,inactivo
PERF-002961,Customer 2961,9883,Pendiente
PERF-002962,Customer 2962,9886,Inactivo
PERF-002963,Customer 2963,9889,Activo
PERF-002964,Customer 2964,9892,Pendiente
PERF-002965,Customer 2965,9895,Activo
PERF-002966,Customer 2966,9898,Inactivo
PERF-002967,Customer 2967,9901,Pendiente
PERF-002968,Customer 2968,9904,Inactivo
PERF-002969,Customer 2969,9907,Activo
PERF-002970,Customer 2970,9910,Pendiente
PERF-002971,Customer 2971,9913,Activo
PERF-002972,Customer 2972,9916,Inactivo
PERF-002973,Customer 2973,9919,Pendiente
PERF-002974,Customer 2974,9922,Inactivo
PERF-002975,Customer 2975,9925,Activo
PERF-002976,Customer 2976,9928,Pendiente
PERF-002977,Customer 2977,9931,Activo
PERF-002978,Customer 2978,9934,Inactivo
PERF-002979,Customer 2979,9937,Pendiente
PERF-002980,CUSTOMER 2980,9940,inactivo
PERF-002981,Customer 2981,9943,Activo
PERF-002982,Customer 2982,9946,Pendiente
PERF-002983,Customer 2983,9949,Activo
PERF-002984,Customer 2984,9952,Inactivo
PERF-002985,Customer 2985,9955,Pendiente
PERF-002986,Customer 2986,9958,Inactivo
PERF-002987,Customer 2987,9961,Activo
PERF-002988,Customer 2988,9964,Pendiente
PERF-002989,Customer 2989,9967,Activo
PERF-002990,Customer 2990,9970,Inactivo
PERF-002991,Customer 2991,9973,Pendiente
PERF-002992,Customer 2992,9976,Inactivo
PERF-002993,Customer 2993,9979,Activo
PERF-002994,Customer 2994,9982,Pendiente
PERF-002995,Customer 2995,9985,Activo
PERF-002996,Customer 2996,9988,Inactivo
PERF-002997,Customer 2997,9991,Pendiente
PERF-002998,Customer 2998,9994,Inactivo
PERF-002999,Customer 2999,9997,Activo
PERF-003000,CUSTOMER 3000,10020,pendiente
PERF-003001,Customer 3001,10003,Activo
PERF-003002,Customer 3002,10006,Inactivo
PERF-003003,Customer 3003,10009,Pendiente
PERF-003004,Customer 3004,10012,Inactivo
PERF-003005,Customer 3005,10015,Activo
PERF-003006,Customer 3006,10018,Pendiente
PERF-003007,Customer 3007,10021,Activo
PERF-003008,Customer 3008,10024,Inactivo
PERF-003009,Customer 3009,10027,Pendiente
PERF-003010,Customer 3010,10030,Inactivo
PERF-003011,Customer 3011,10033,Activo
PERF-003012,Customer 3012,10036,Pendiente
PERF-003013,Customer 3013,10039,Activo
PERF-003014,Customer 3014,10042,Inactivo
PERF-003015,Customer 3015,10045,Pendiente
PERF-003016,Customer 3016,10048,Inactivo
PERF-003017,Customer 3017,10051,Activo
PERF-003018,Customer 3018,10054,Pendiente
PERF-003019,Customer 3019,10057,Activo
PERF-003020,CUSTOMER 3020,10060,inactivo
PERF-003021,Customer 3021,10063,Pendiente
PERF-003022,Customer 3022,10066,Inactivo
PERF-003023,Customer 3023,10069,Activo
PERF-003024,Customer 3024,10072,Pendiente
PERF-003025,Customer 3025,10075,Activo
PERF-003026,Customer 3026,10078,Inactivo
PERF-003027,Customer 3027,10081,Pendiente
PERF-003028,Customer 3028,10084,Inactivo
PERF-003029,Customer 3029,10087,Activo
PERF-003030,Customer 3030,10090,Pendiente
PERF-003031,Customer 3031,10093,Activo
PERF-003032,Customer 3032,10096,Inactivo
PERF-003033,Customer 3033,10099,Pendiente
PERF-003034,Customer 3034,10102,Inactivo
PERF-003035,Customer 3035,10105,Activo
PERF-003036,Customer 3036,10108,Pendiente
PERF-003037,Customer 3037,10111,Activo
PERF-003038,Customer 3038,10114,Inactivo
PERF-003039,Customer 3039,10117,Pendiente
PERF-003040,CUSTOMER 3040,10120,inactivo
PERF-003041,Customer 3041,10123,Activo
PERF-003042,Customer 3042,10126,Pendiente
PERF-003043,Customer 3043,10129,Activo
PERF-003044,Customer 3044,10132,Inactivo
PERF-003045,Customer 3045,10135,Pendiente
PERF-003046,Customer 3046,10138,Inactivo
PERF-003047,Customer 3047,10141,Activo
PERF-003048,Customer 3048,10144,Pendiente
PERF-003049,Customer 3049,10147,Activo
PERF-003050,Customer 3050,10152,Inactivo
PERF-003051,Customer 3051,10153,Pendiente
PERF-003052,Customer 3052,10156,Inactivo
PERF-003053,Customer 3053,10159,Activo
PERF-003054,Customer 3054,10162,Pendiente
PERF-003055,Customer 3055,10165,Activo
PERF-003056,Customer 3056,10168,Inactivo
PERF-003057,Customer 3057,10171,Pendiente
PERF-003058,Customer 3058,10174,Inactivo
PERF-003059,Customer 3059,10177,Activo
PERF-003060,CUSTOMER 3060,10180,pendiente
PERF-003061,Customer 3061,10183,Activo
PERF-003062,Customer 3062,10186,Inactivo
PERF-003063,Customer 3063,10189,Pendiente
PERF-003064,Customer 3064,10192,Inactivo
PERF-003065,Customer 3065,10195,Activo
PERF-003066,Customer 3066,10198,Pendiente
PERF-003067,Customer 3067,10201,Activo
PERF-003068,Customer 3068,10204,Inactivo
PERF-003069,Customer 3069,10207,Pendiente
PERF-003070,Customer 3070,10210,Inactivo
PERF-003071,Customer 3071,10213,Activo
PERF-003072,Customer 3072,10216,Pendiente
PERF-003073,Customer 3073,10219,Activo
PERF-003074,Customer 3074,10222,Inactivo
PERF-003075,Customer 3075,10225,Pendiente
PERF-003076,Customer 3076,10228,Inactivo
PERF-003077,Customer 3077,10231,Activo
PERF-003078,Customer 3078,10234,Pendiente
PERF-003079,Customer 3079,10237,Activo
PERF-003080,CUSTOMER 3080,10240,inactivo
PERF-003081,Customer 3081,10243,Pendiente
PERF-003082,Customer 3082,10246,Inactivo
PERF-003083,Customer 3083,10249,Activo
PERF-003084,Customer 3084,10252,Pendiente
PERF-003085,Customer 3085,10255,Activo
PERF-003086,Customer 3086,10258,Inactivo
PERF-003087,Customer 3087,10261,Pendiente
PERF-003088,Customer 3088,10264,Inactivo
PERF-003089,Customer 3089,10267,Activo
PERF-003090,Customer 3090,10270,Pendiente
PERF-003091,Customer 3091,10273,Activo
PERF-003092,Customer 3092,10276,Inactivo
PERF-003093,Customer 3093,10279,Pendiente
PERF-003094,Customer 3094,10282,Inactivo
PERF-003095,Customer 3095,10285,Activo
PERF-003096,Customer 3096,10288,Pendiente
PERF-003097,Customer 3097,10291,Activo
PERF-003098,Customer 3098,10294,Inactivo
PERF-003099,Customer 3099,10297,Pendiente
PERF-003100,CUSTOMER 3100,10320,inactivo
PERF-003101,Customer 3101,10303,Activo
PERF-003102,Customer 3102,10306,Pendiente
PERF-003103,Customer 3103,10309,Activo
PERF-003104,Customer 3104,10312,Inactivo
PERF-003105,Customer 3105,10315,Pendiente
PERF-003106,Customer 3106,10318,Inactivo
PERF-003107,Customer 3107,10321,Activo
PERF-003108,Customer 3108,10324,Pendiente
PERF-003109,Customer 3109,10327,Activo
PERF-003110,Customer 3110,10330,Inactivo
PERF-003111,Customer 3111,10333,Pendiente
PERF-003112,Customer 3112,10336,Inactivo
PERF-003113,Customer 3113,10339,Activo
PERF-003114,Customer 3114,10342,Pendiente
PERF-003115,Customer 3115,10345,Activo
PERF-003116,Customer 3116,10348,Inactivo
PERF-003117,Customer 3117,10351,Pendiente
PERF-003118,Customer 3118,10354,Inactivo
PERF-003119,Customer 3119,10357,Activo
PERF-003120,CUSTOMER 3120,10360,pendiente
PERF-003121,Customer 3121,10363,Activo
PERF-003122,Customer 3122,10366,Inactivo
PERF-003123,Customer 3123,10369,Pendiente
PERF-003124,Customer 3124,10372,Inactivo
PERF-003125,Customer 3125,10375,Activo
PERF-003126,Customer 3126,10378,Pendiente
PERF-003127,Customer 3127,10381,Activo
PERF-003128,Customer 3128,10384,Inactivo
PERF-003129,Customer 3129,10387,Pendiente
PERF-003130,Customer 3130,10390,Inactivo
PERF-003131,Customer 3131,10393,Activo
PERF-003132,Customer 3132,10396,Pendiente
PERF-003133,Customer 3133,10399,Activo
PERF-003134,Customer 3134,10402,Inactivo
PERF-003135,Customer 3135,10405,Pendiente
PERF-003136,Customer 3136,10408,Inactivo
PERF-003137,Customer 3137,10411,Activo
PERF-003138,Customer 3138,10414,Pendiente
PERF-003139,Customer 3139,10417,Activo
PERF-003140,CUSTOMER 3140,10420,inactivo
PERF-003141,Customer 3141,10423,Pendiente
PERF-003142,Customer 3142,10426,Inactivo
PERF-003143,Customer 3143,10429,Activo
PERF-003144,Customer 3144,10432,Pendiente
PERF-003145,Customer 3145,10435,Activo
PERF-003146,Customer 3146,10438,Inactivo
PERF-003147,Customer 3147,10441,Pendiente
PERF-003148,Customer 3148,10444,Inactivo
PERF-003149,Customer 3149,10447,Activo
PERF-003150,Customer 3150,10452,Pendiente
PERF-003151,Customer 3151,10453,Activo
PERF-003152,Customer 3152,10456,Inactivo
PERF-003153,Customer 3153,10459,Pendiente
PERF-003154,Customer 3154,10462,Inactivo
PERF-003155,Customer 3155,10465,Activo
PERF-003156,Customer 3156,10468,Pendiente
PERF-003157,Customer 3157,10471,Activo
PERF-003158,Customer 3158,10474,Inactivo
PERF-003159,Customer 3159,10477,Pendiente
PERF-003160,CUSTOMER 3160,10480,inactivo
PERF-003161,Customer 3161,10483,Activo
PERF-003162,Customer 3162,10486,Pendiente
PERF-003163,Customer 3163,10489,Activo
PERF-003164,Customer 3164,10492,Inactivo
PERF-003165,Customer 3165,10495,Pendiente
PERF-003166,Customer 3166,10498,Inactivo
PERF-003167,Customer 3167,10501,Activo
PERF-003168,Customer 3168,10504,Pendiente
PERF-003169,Customer 3169,10507,Activo
PERF-003170,Customer 3170,10510,Inactivo
PERF-003171,Customer 3171,10513,Pendiente
PERF-003172,Customer 3172,10516,Inactivo
PERF-003173,Customer 3173,10519,Activo
PERF-003174,Customer 3174,10522,Pendiente
PERF-003175,Customer 3175,10525,Activo
PERF-003176,Customer 3176,10528,Inactivo
PERF-003177,Customer 3177,10531,Pendiente
PERF-003178,Customer 3178,10534,Inactivo
PERF-003179,Customer 3179,10537,Activo
PERF-003180,CUSTOMER 3180,10540,pendiente
PERF-003181,Customer 3181,10543,Activo
PERF-003182,Customer 3182,10546,Inactivo
PERF-003183,Customer 3183,10549,Pendiente
PERF-003184,Customer 3184,10552,Inactivo
PERF-003185,Customer 3185,10555,Activo
PERF-003186,Customer 3186,10558,Pendiente
PERF-003187,Customer 3187,10561,Activo
PERF-003188,Customer 3188,10564,Inactivo
PERF-003189,Customer 3189,10567,Pendiente
PERF-003190,Customer 3190,10570,Inactivo
PERF-003191,Customer 3191,10573,Activo
PERF-003192,Customer 3192,10576,Pendiente
PERF-003193,Customer 3193,10579,Activo
PERF-003194,Customer 3194,10582,Inactivo
PERF-003195,Customer 3195,10585,Pendiente
PERF-003196,Customer 3196,10588,Inactivo
PERF-003197,Customer 3197,10591,Activo
PERF-003198,Customer 3198,10594,Pendiente
PERF-003199,Customer 3199,10597,Activo
PERF-003200,CUSTOMER 3200,10620,inactivo
PERF-003201,Customer 3201,10603,Pendiente
PERF-003202,Customer 3202,10606,Inactivo
PERF-003203,Customer 3203,10609,Activo
PERF-003204,Customer 3204,10612,Pendiente
PERF-003205,Customer 3205,10615,Activo
PERF-003206,Customer 3206,10618,Inactivo
PERF-003207,Customer 3207,10621,Pendiente
PERF-003208,Customer 3208,10624,Inactivo
PERF-003209,Customer 3209,10627,Activo
PERF-003210,Customer 3210,10630,Pendiente
PERF-003211,Customer 3211,10633,Activo
PERF-003212,Customer 3212,10636,Inactivo
PERF-003213,Customer 3213,10639,Pendiente
PERF-003214,Customer 3214,10642,Inactivo
PERF-003215,Customer 3215,10645,Activo
PERF-003216,Customer 3216,10648,Pendiente
PERF-003217,Customer 3217,10651,Activo
PERF-003218,Customer 3218,10654,Inactivo
PERF-003219,Customer 3219,10657,Pendiente
PERF-003220,CUSTOMER 3220,10660,inactivo
PERF-003221,Customer 3221,10663,Activo
PERF-003222,Customer 3222,10666,Pendiente
PERF-003223,Customer 3223,10669,Activo
PERF-003224,Customer 3224,10672,Inactivo
PERF-003225,Customer 3225,10675,Pendiente
PERF-003226,Customer 3226,10678,Inactivo
PERF-003227,Customer 3227,10681,Activo
PERF-003228,Customer 3228,10684,Pendiente
PERF-003229,Customer 3229,10687,Activo
PERF-003230,Customer 3230,10690,Inactivo
PERF-003231,Customer 3231,10693,Pendiente
PERF-003232,Customer 3232,10696,Inactivo
PERF-003233,Customer 3233,10699,Activo
PERF-003234,Customer 3234,10702,Pendiente
PERF-003235,Customer 3235,10705,Activo
PERF-003236,Customer 3236,10708,Inactivo
PERF-003237,Customer 3237,10711,Pendiente
PERF-003238,Customer 3238,10714,Inactivo
PERF-003239,Customer 3239,10717,Activo
PERF-003240,CUSTOMER 3240,10720,pendiente
PERF-003241,Customer 3241,10723,Activo
PERF-003242,Customer 3242,10726,Inactivo
PERF-003243,Customer 3243,10729,Pendiente
PERF-003244,Customer 3244,10732,Inactivo
PERF-003245,Customer 3245,10735,Activo
PERF-003246,Customer 3246,10738,Pendiente
PERF-003247,Customer 3247,10741,Activo
PERF-003248,Customer 3248,10744,Inactivo
PERF-003249,Customer 3249,10747,Pendiente
PERF-003250,Customer 3250,10752,Inactivo
PERF-003251,Customer 3251,10753,Activo
PERF-003252,Customer 3252,10756,Pendiente
PERF-003253,Customer 3253,10759,Activo
PERF-003254,Customer 3254,10762,Inactivo
PERF-003255,Customer 3255,10765,Pendiente
PERF-003256,Customer 3256,10768,Inactivo
PERF-003257,Customer 3257,10771,Activo
PERF-003258,Customer 3258,10774,Pendiente
PERF-003259,Customer 3259,10777,Activo
PERF-003260,CUSTOMER 3260,10780,inactivo
PERF-003261,Customer 3261,10783,Pendiente
PERF-003262,Customer 3262,10786,Inactivo
PERF-003263,Customer 3263,10789,Activo
PERF-003264,Customer 3264,10792,Pendiente
PERF-003265,Customer 3265,10795,Activo
PERF-003266,Customer 3266,10798,Inactivo
PERF-003267,Customer 3267,10801,Pendiente
PERF-003268,Customer 3268,10804,Inactivo
PERF-003269,Customer 3269,10807,Activo
PERF-003270,Customer 3270,10810,Pendiente
PERF-003271,Customer 3271,10813,Activo
PERF-003272,Customer 3272,10816,Inactivo
PERF-003273,Customer 3273,10819,Pendiente
PERF-003274,Customer 3274,10822,Inactivo
PERF-003275,Customer 3275,10825,Activo
PERF-003276,Customer 3276,10828,Pendiente
PERF-003277,Customer 3277,10831,Activo
PERF-003278,Customer 3278,10834,Inactivo
PERF-003279,Customer 3279,10837,Pendiente
PERF-003280,CUSTOMER 3280,10840,inactivo
PERF-003281,Customer 3281,10843,Activo
PERF-003282,Customer 3282,10846,Pendiente
PERF-003283,Customer 3283,10849,Activo
PERF-003284,Customer 3284,10852,Inactivo
PERF-003285,Customer 3285,10855,Pendiente
PERF-003286,Customer 3286,10858,Inactivo
PERF-003287,Customer 3287,10861,Activo
PERF-003288,Customer 3288,10864,Pendiente
PERF-003289,Customer 3289,10867,Activo
PERF-003290,Customer 3290,10870,Inactivo
PERF-003291,Customer 3291,10873,Pendiente
PERF-003292,Customer 3292,10876,Inactivo
PERF-003293,Customer 3293,10879,Activo
PERF-003294,Customer 3294,10882,Pendiente
PERF-003295,Customer 3295,10885,Activo
PERF-003296,Customer 3296,10888,Inactivo
PERF-003297,Customer 3297,10891,Pendiente
PERF-003298,Customer 3298,10894,Inactivo
PERF-003299,Customer 3299,10897,Activo
PERF-003300,CUSTOMER 3300,10920,pendiente
PERF-003301,Customer 3301,10903,Activo
PERF-003302,Customer 3302,10906,Inactivo
PERF-003303,Customer 3303,10909,Pendiente
PERF-003304,Customer 3304,10912,Inactivo
PERF-003305,Customer 3305,10915,Activo
PERF-003306,Customer 3306,10918,Pendiente
PERF-003307,Customer 3307,10921,Activo
PERF-003308,Customer 3308,10924,Inactivo
PERF-003309,Customer 3309,10927,Pendiente
PERF-003310,Customer 3310,10930,Inactivo
PERF-003311,Customer 3311,10933,Activo
PERF-003312,Customer 3312,10936,Pendiente
PERF-003313,Customer 3313,10939,Activo
PERF-003314,Customer 3314,10942,Inactivo
PERF-003315,Customer 3315,10945,Pendiente
PERF-003316,Customer 3316,10948,Inactivo
PERF-003317,Customer 3317,10951,Activo
PERF-003318,Customer 3318,10954,Pendiente
PERF-003319,Customer 3319,10957,Activo
PERF-003320,CUSTOMER 3320,10960,inactivo
PERF-003321,Customer 3321,10963,Pendiente
PERF-003322,Customer 3322,10966,Inactivo
PERF-003323,Customer 3323,10969,Activo
PERF-003324,Customer 3324,10972,Pendiente
PERF-003325,Customer 3325,10975,Activo
PERF-003326,Customer 3326,10978,Inactivo
PERF-003327,Customer 3327,10981,Pendiente
PERF-003328,Customer 3328,10984,Inactivo
PERF-003329,Customer 3329,10987,Activo
PERF-003330,Customer 3330,10990,Pendiente
PERF-003331,Customer 3331,10993,Activo
PERF-003332,Customer 3332,10996,Inactivo
PERF-003333,Customer 3333,10999,Pendiente
PERF-003334,Customer 3334,11002,Inactivo
PERF-003335,Customer 3335,11005,Activo
PERF-003336,Customer 3336,11008,Pendiente
PERF-003337,Customer 3337,11011,Activo
PERF-003338,Customer 3338,11014,Inactivo
PERF-003339,Customer 3339,11017,Pendiente
PERF-003340,CUSTOMER 3340,11020,inactivo
PERF-003341,Customer 3341,11023,Activo
PERF-003342,Customer 3342,11026,Pendiente
PERF-003343,Customer 3343,11029,Activo
PERF-003344,Customer 3344,11032,Inactivo
PERF-003345,Customer 3345,11035,Pendiente
PERF-003346,Customer 3346,11038,Inactivo
PERF-003347,Customer 3347,11041,Activo
PERF-003348,Customer 3348,11044,Pendiente
PERF-003349,Customer 3349,11047,Activo
PERF-003350,Customer 3350,11052,Inactivo
PERF-003351,Customer 3351,11053,Pendiente
PERF-003352,Customer 3352,11056,Inactivo
PERF-003353,Customer 3353,11059,Activo
PERF-003354,Customer 3354,11062,Pendiente
PERF-003355,Customer 3355,11065,Activo
PERF-003356,Customer 3356,11068,Inactivo
PERF-003357,Customer 3357,11071,Pendiente
PERF-003358,Customer 3358,11074,Inactivo
PERF-003359,Customer 3359,11077,Activo
PERF-003360,CUSTOMER 3360,11080,pendiente
PERF-003361,Customer 3361,11083,Activo
PERF-003362,Customer 3362,11086,Inactivo
PERF-003363,Customer 3363,11089,Pendiente
PERF-003364,Customer 3364,11092,Inactivo
PERF-003365,Customer 3365,11095,Activo
PERF-003366,Customer 3366,11098,Pendiente
PERF-003367,Customer 3367,11101,Activo
PERF-003368,Customer 3368,11104,Inactivo
PERF-003369,Customer 3369,11107,Pendiente
PERF-003370,Customer 3370,11110,Inactivo
PERF-003371,Customer 3371,11113,Activo
PERF-003372,Customer 3372,11116,Pendiente
PERF-003373,Customer 3373,11119,Activo
PERF-003374,Customer 3374,11122,Inactivo
PERF-003375,Customer 3375,11125,Pendiente
PERF-003376,Customer 3376,11128,Inactivo
PERF-003377,Customer 3377,11131,Activo
PERF-003378,Customer 3378,11134,Pendiente
PERF-003379,Customer 3379,11137,Activo
PERF-003380,CUSTOMER 3380,11140,inactivo
PERF-003381,Customer 3381,11143,Pendiente
PERF-003382,Customer 3382,11146,Inactivo
PERF-003383,Customer 3383,11149,Activo
PERF-003384,Customer 3384,11152,Pendiente
PERF-003385,Customer 3385,11155,Activo
PERF-003386,Customer 3386,11158,Inactivo
PERF-003387,Customer 3387,11161,Pendiente
PERF-003388,Customer 3388,11164,Inactivo
PERF-003389,Customer 3389,11167,Activo
PERF-003390,Customer 3390,11170,Pendiente
PERF-003391,Customer 3391,11173,Activo
PERF-003392,Customer 3392,11176,Inactivo
PERF-003393,Customer 3393,11179,Pendiente
PERF-003394,Customer 3394,11182,Inactivo
PERF-003395,Customer 3395,11185,Activo
PERF-003396,Customer 3396,11188,Pendiente
PERF-003397,Customer 3397,11191,Activo
PERF-003398,Customer 3398,11194,Inactivo
PERF-003399,Customer 3399,11197,Pendiente
PERF-003400,CUSTOMER 3400,11220,inactivo
PERF-003401,Customer 3401,11203,Activo
PERF-003402,Customer 3402,11206,Pendiente
PERF-003403,Customer 3403,11209,Activo
PERF-003404,Customer 3404,11212,Inactivo
PERF-003405,Customer 3405,11215,Pendiente
PERF-003406,Customer 3406,11218,Inactivo
PERF-003407,Customer 3407,11221,Activo
PERF-003408,Customer 3408,11224,Pendiente
PERF-003409,Customer 3409,11227,Activo
PERF-003410,Customer 3410,11230,Inactivo
PERF-003411,Customer 3411,11233,Pendiente
PERF-003412,Customer 3412,11236,Inactivo
PERF-003413,Customer 3413,11239,Activo
PERF-003414,Customer 3414,11242,Pendiente
PERF-003415,Customer 3415,11245,Activo
PERF-003416,Customer 3416,11248,Inactivo
PERF-003417,Customer 3417,11251,Pendiente
PERF-003418,Customer 3418,11254,Inactivo
PERF-003419,Customer 3419,11257,Activo
PERF-003420,CUSTOMER 3420,11260,pendiente
PERF-003421,Customer 3421,11263,Activo
PERF-003422,Customer 3422,11266,Inactivo
PERF-003423,Customer 3423,11269,Pendiente
PERF-003424,Customer 3424,11272,Inactivo
PERF-003425,Customer 3425,11275,Activo
PERF-003426,Customer 3426,11278,Pendiente
PERF-003427,Customer 3427,11281,Activo
PERF-003428,Customer 3428,11284,Inactivo
PERF-003429,Customer 3429,11287,Pendiente
PERF-003430,Customer 3430,11290,Inactivo
PERF-003431,Customer 3431,11293,Activo
PERF-003432,Customer 3432,11296,Pendiente
PERF-003433,Customer 3433,11299,Activo
PERF-003434,Customer 3434,11302,Inactivo
PERF-003435,Customer 3435,11305,Pendiente
PERF-003436,Customer 3436,11308,Inactivo
PERF-003437,Customer 3437,11311,Activo
PERF-003438,Customer 3438,11314,Pendiente
PERF-003439,Customer 3439,11317,Activo
PERF-003440,CUSTOMER 3440,11320,inactivo
PERF-003441,Customer 3441,11323,Pendiente
PERF-003442,Customer 3442,11326,Inactivo
PERF-003443,Customer 3443,11329,Activo
PERF-003444,Customer 3444,11332,Pendiente
PERF-003445,Customer 3445,11335,Activo
PERF-003446,Customer 3446,11338,Inactivo
PERF-003447,Customer 3447,11341,Pendiente
PERF-003448,Customer 3448,11344,Inactivo
PERF-003449,Customer 3449,11347,Activo
PERF-003450,Customer 3450,11352,Pendiente
PERF-003451,Customer 3451,11353,Activo
PERF-003452,Customer 3452,11356,Inactivo
PERF-003453,Customer 3453,11359,Pendiente
PERF-003454,Customer 3454,11362,Inactivo
PERF-003455,Customer 3455,11365,Activo
PERF-003456,Customer 3456,11368,Pendiente
PERF-003457,Customer 3457,11371,Activo
PERF-003458,Customer 3458,11374,Inactivo
PERF-003459,Customer 3459,11377,Pendiente
PERF-003460,CUSTOMER 3460,11380,inactivo
PERF-003461,Customer 3461,11383,Activo
PERF-003462,Customer 3462,11386,Pendiente
PERF-003463,Customer 3463,11389,Activo
PERF-003464,Customer 3464,11392,Inactivo
PERF-003465,Customer 3465,11395,Pendiente
PERF-003466,Customer 3466,11398,Inactivo
PERF-003467,Customer 3467,11401,Activo
PERF-003468,Customer 3468,11404,Pendiente
PERF-003469,Customer 3469,11407,Activo
PERF-003470,Customer 3470,11410,Inactivo
PERF-003471,Customer 3471,11413,Pendiente
PERF-003472,Customer 3472,11416,Inactivo
PERF-003473,Customer 3473,11419,Activo
PERF-003474,Customer 3474,11422,Pendiente
PERF-003475,Customer 3475,11425,Activo
PERF-003476,Customer 3476,11428,Inactivo
PERF-003477,Customer 3477,11431,Pendiente
PERF-003478,Customer 3478,11434,Inactivo
PERF-003479,Customer 3479,11437,Activo
PERF-003480,CUSTOMER 3480,11440,pendiente
PERF-003481,Customer 3481,11443,Activo
PERF-003482,Customer 3482,11446,Inactivo
PERF-003483,Customer 3483,11449,Pendiente
PERF-003484,Customer 3484,11452,Inactivo
PERF-003485,Customer 3485,11455,Activo
PERF-003486,Customer 3486,11458,Pendiente
PERF-003487,Customer 3487,11461,Activo
PERF-003488,Customer 3488,11464,Inactivo
PERF-003489,Customer 3489,11467,Pendiente
PERF-003490,Customer 3490,11470,Inactivo
PERF-003491,Customer 3491,11473,Activo
PERF-003492,Customer 3492,11476,Pendiente
PERF-003493,Customer 3493,11479,Activo
PERF-003494,Customer 3494,11482,Inactivo
PERF-003495,Customer 3495,11485,Pendiente
PERF-003496,Customer 3496,11488,Inactivo
PERF-003497,Customer 3497,11491,Activo
PERF-003498,Customer 3498,11494,Pendiente
PERF-003499,Customer 3499,11497,Activo
PERF-003500,CUSTOMER 3500,11520,inactivo
PERF-003501,Customer 3501,11503,Pendiente
PERF-003502,Customer 3502,11506,Inactivo
PERF-003503,Customer 3503,11509,Activo
PERF-003504,Customer 3504,11512,Pendiente
PERF-003505,Customer 3505,11515,Activo
PERF-003506,Customer 3506,11518,Inactivo
PERF-003507,Customer 3507,11521,Pendiente
PERF-003508,Customer 3508,11524,Inactivo
PERF-003509,Customer 3509,11527,Activo
PERF-003510,Customer 3510,11530,Pendiente
PERF-003511,Customer 3511,11533,Activo
PERF-003512,Customer 3512,11536,Inactivo
PERF-003513,Customer 3513,11539,Pendiente
PERF-003514,Customer 3514,11542,Inactivo
PERF-003515,Customer 3515,11545,Activo
PERF-003516,Customer 3516,11548,Pendiente
PERF-003517,Customer 3517,11551,Activo
PERF-003518,Customer 3518,11554,Inactivo
PERF-003519,Customer 3519,11557,Pendiente
PERF-003520,CUSTOMER 3520,11560,inactivo
PERF-003521,Customer 3521,11563,Activo
PERF-003522,Customer 3522,11566,Pendiente
PERF-003523,Customer 3523,11569,Activo
PERF-003524,Customer 3524,11572,Inactivo
PERF-003525,Customer 3525,11575,Pendiente
PERF-003526,Customer 3526,11578,Inactivo
PERF-003527,Customer 3527,11581,Activo
PERF-003528,Customer 3528,11584,Pendiente
PERF-003529,Customer 3529,11587,Activo
PERF-003530,Customer 3530,11590,Inactivo
PERF-003531,Customer 3531,11593,Pendiente
PERF-003532,Customer 3532,11596,Inactivo
PERF-003533,Customer 3533,11599,Activo
PERF-003534,Customer 3534,11602,Pendiente
PERF-003535,Customer 3535,11605,Activo
PERF-003536,Customer 3536,11608,Inactivo
PERF-003537,Customer 3537,11611,Pendiente
PERF-003538,Customer 3538,11614,Inactivo
PERF-003539,Customer 3539,11617,Activo
PERF-003540,CUSTOMER 3540,11620,pendiente
PERF-003541,Customer 3541,11623,Activo
PERF-003542,Customer 3542,11626,Inactivo
PERF-003543,Customer 3543,11629,Pendiente
PERF-003544,Customer 3544,11632,Inactivo
PERF-003545,Customer 3545,11635,Activo
PERF-003546,Customer 3546,11638,Pendiente
PERF-003547,Customer 3547,11641,Activo
PERF-003548,Customer 3548,11644,Inactivo
PERF-003549,Customer 3549,11647,Pendiente
PERF-003550,Customer 3550,11652,Inactivo
PERF-003551,Customer 3551,11653,Activo
PERF-003552,Customer 3552,11656,Pendiente
PERF-003553,Customer 3553,11659,Activo
PERF-003554,Customer 3554,11662,Inactivo
PERF-003555,Customer 3555,11665,Pendiente
PERF-003556,Customer 3556,11668,Inactivo
PERF-003557,Customer 3557,11671,Activo
PERF-003558,Customer 3558,11674,Pendiente
PERF-003559,Customer 3559,11677,Activo
PERF-003560,CUSTOMER 3560,11680,inactivo
PERF-003561,Customer 3561,11683,Pendiente
PERF-003562,Customer 3562,11686,Inactivo
PERF-003563,Customer 3563,11689,Activo
PERF-003564,Customer 3564,11692,Pendiente
PERF-003565,Customer 3565,11695,Activo
PERF-003566,Customer 3566,11698,Inactivo
PERF-003567,Customer 3567,11701,Pendiente
PERF-003568,Customer 3568,11704,Inactivo
PERF-003569,Customer 3569,11707,Activo
PERF-003570,Customer 3570,11710,Pendiente
PERF-003571,Customer 3571,11713,Activo
PERF-003572,Customer 3572,11716,Inactivo
PERF-003573,Customer 3573,11719,Pendiente
PERF-003574,Customer 3574,11722,Inactivo
PERF-003575,Customer 3575,11725,Activo
PERF-003576,Customer 3576,11728,Pendiente
PERF-003577,Customer 3577,11731,Activo
PERF-003578,Customer 3578,11734,Inactivo
PERF-003579,Customer 3579,11737,Pendiente
PERF-003580,CUSTOMER 3580,11740,inactivo
PERF-003581,Customer 3581,11743,Activo
PERF-003582,Customer 3582,11746,Pendiente
PERF-003583,Customer 3583,11749,Activo
PERF-003584,Customer 3584,11752,Inactivo
PERF-003585,Customer 3585,11755,Pendiente
PERF-003586,Customer 3586,11758,Inactivo
PERF-003587,Customer 3587,11761,Activo
PERF-003588,Customer 3588,11764,Pendiente
PERF-003589,Customer 3589,11767,Activo
PERF-003590,Customer 3590,11770,Inactivo
PERF-003591,Customer 3591,11773,Pendiente
PERF-003592,Customer 3592,11776,Inactivo
PERF-003593,Customer 3593,11779,Activo
PERF-003594,Customer 3594,11782,Pendiente
PERF-003595,Customer 3595,11785,Activo
PERF-003596,Customer 3596,11788,Inactivo
PERF-003597,Customer 3597,11791,Pendiente
PERF-003598,Customer 3598,11794,Inactivo
PERF-003599,Customer 3599,11797,Activo
PERF-003600,CUSTOMER 3600,11820,pendiente
PERF-003601,Customer 3601,11803,Activo
PERF-003602,Customer 3602,11806,Inactivo
PERF-003603,Customer 3603,11809,Pendiente
PERF-003604,Customer 3604,11812,Inactivo
PERF-003605,Customer 3605,11815,Activo
PERF-003606,Customer 3606,11818,Pendiente
PERF-003607,Customer 3607,11821,Activo
PERF-003608,Customer 3608,11824,Inactivo
PERF-003609,Customer 3609,11827,Pendiente
PERF-003610,Customer 3610,11830,Inactivo
PERF-003611,Customer 3611,11833,Activo
PERF-003612,Customer 3612,11836,Pendiente
PERF-003613,Customer 3613,11839,Activo
PERF-003614,Customer 3614,11842,Inactivo
PERF-003615,Customer 3615,11845,Pendiente
PERF-003616,Customer 3616,11848,Inactivo
PERF-003617,Customer 3617,11851,Activo
PERF-003618,Customer 3618,11854,Pendiente
PERF-003619,Customer 3619,11857,Activo
PERF-003620,CUSTOMER 3620,11860,inactivo
PERF-003621,Customer 3621,11863,Pendiente
PERF-003622,Customer 3622,11866,Inactivo
PERF-003623,Customer 3623,11869,Activo
PERF-003624,Customer 3624,11872,Pendiente
PERF-003625,Customer 3625,11875,Activo
PERF-003626,Customer 3626,11878,Inactivo
PERF-003627,Customer 3627,11881,Pendiente
PERF-003628,Customer 3628,11884,Inactivo
PERF-003629,Customer 3629,11887,Activo
PERF-003630,Customer 3630,11890,Pendiente
PERF-003631,Customer 3631,11893,Activo
PERF-003632,Customer 3632,11896,Inactivo
PERF-003633,Customer 3633,11899,Pendiente
PERF-003634,Customer 3634,11902,Inactivo
PERF-003635,Customer 3635,11905,Activo
PERF-003636,Customer 3636,11908,Pendiente
PERF-003637,Customer 3637,11911,Activo
PERF-003638,Customer 3638,11914,Inactivo
PERF-003639,Customer 3639,11917,Pendiente
PERF-003640,CUSTOMER 3640,11920,inactivo
PERF-003641,Customer 3641,11923,Activo
PERF-003642,Customer 3642,11926,Pendiente
PERF-003643,Customer 3643,11929,Activo
PERF-003644,Customer 3644,11932,Inactivo
PERF-003645,Customer 3645,11935,Pendiente
PERF-003646,Customer 3646,11938,Inactivo
PERF-003647,Customer 3647,11941,Activo
PERF-003648,Customer 3648,11944,Pendiente
PERF-003649,Customer 3649,11947,Activo
PERF-003650,Customer 3650,11952,Inactivo
PERF-003651,Customer 3651,11953,Pendiente
PERF-003652,Customer 3652,11956,Inactivo
PERF-003653,Customer 3653,11959,Activo
PERF-003654,Customer 3654,11962,Pendiente
PERF-003655,Customer 3655,11965,Activo
PERF-003656,Customer 3656,11968,Inactivo
PERF-003657,Customer 3657,11971,Pendiente
PERF-003658,Customer 3658,11974,Inactivo
PERF-003659,Customer 3659,11977,Activo
PERF-003660,CUSTOMER 3660,11980,pendiente
PERF-003661,Customer 3661,11983,Activo
PERF-003662,Customer 3662,11986,Inactivo
PERF-003663,Customer 3663,11989,Pendiente
PERF-003664,Customer 3664,11992,Inactivo
PERF-003665,Customer 3665,11995,Activo
PERF-003666,Customer 3666,11998,Pendiente
PERF-003667,Customer 3667,12001,Activo
PERF-003668,Customer 3668,12004,Inactivo
PERF-003669,Customer 3669,12007,Pendiente
PERF-003670,Customer 3670,12010,Inactivo
PERF-003671,Customer 3671,12013,Activo
PERF-003672,Customer 3672,12016,Pendiente
PERF-003673,Customer 3673,12019,Activo
PERF-003674,Customer 3674,12022,Inactivo
PERF-003675,Customer 3675,12025,Pendiente
PERF-003676,Customer 3676,12028,Inactivo
PERF-003677,Customer 3677,12031,Activo
PERF-003678,Customer 3678,12034,Pendiente
PERF-003679,Customer 3679,12037,Activo
PERF-003680,CUSTOMER 3680,12040,inactivo
PERF-003681,Customer 3681,12043,Pendiente
PERF-003682,Customer 3682,12046,Inactivo
PERF-003683,Customer 3683,12049,Activo
PERF-003684,Customer 3684,12052,Pendiente
PERF-003685,Customer 3685,12055,Activo
PERF-003686,Customer 3686,12058,Inactivo
PERF-003687,Customer 3687,12061,Pendiente
PERF-003688,Customer 3688,12064,Inactivo
PERF-003689,Customer 3689,12067,Activo
PERF-003690,Customer 3690,12070,Pendiente
PERF-003691,Customer 3691,12073,Activo
PERF-003692,Customer 3692,12076,Inactivo
PERF-003693,Customer 3693,12079,Pendiente
PERF-003694,Customer 3694,12082,Inactivo
PERF-003695,Customer 3695,12085,Activo
PERF-003696,Customer 3696,12088,Pendiente
PERF-003697,Customer 3697,12091,Activo
PERF-003698,Customer 3698,12094,Inactivo
PERF-003699,Customer 3699,12097,Pendiente
PERF-003700,CUSTOMER 3700,12120,inactivo
PERF-003701,Customer 3701,12103,Activo
PERF-003702,Customer 3702,12106,Pendiente
PERF-003703,Customer 3703,12109,Activo
PERF-003704,Customer 3704,12112,Inactivo
PERF-003705,Customer 3705,12115,Pendiente
PERF-003706,Customer 3706,12118,Inactivo
PERF-003707,Customer 3707,12121,Activo
PERF-003708,Customer 3708,12124,Pendiente
PERF-003709,Customer 3709,12127,Activo
PERF-003710,Customer 3710,12130,Inactivo
PERF-003711,Customer 3711,12133,Pendiente
PERF-003712,Customer 3712,12136,Inactivo
PERF-003713,Customer 3713,12139,Activo
PERF-003714,Customer 3714,12142,Pendiente
PERF-003715,Customer 3715,12145,Activo
PERF-003716,Customer 3716,12148,Inactivo
PERF-003717,Customer 3717,12151,Pendiente
PERF-003718,Customer 3718,12154,Inactivo
PERF-003719,Customer 3719,12157,Activo
PERF-003720,CUSTOMER 3720,12160,pendiente
PERF-003721,Customer 3721,12163,Activo
PERF-003722,Customer 3722,12166,Inactivo
PERF-003723,Customer 3723,12169,Pendiente
PERF-003724,Customer 3724,12172,Inactivo
PERF-003725,Customer 3725,12175,Activo
PERF-003726,Customer 3726,12178,Pendiente
PERF-003727,Customer 3727,12181,Activo
PERF-003728,Customer 3728,12184,Inactivo
PERF-003729,Customer 3729,12187,Pendiente
PERF-003730,Customer 3730,12190,Inactivo
PERF-003731,Customer 3731,12193,Activo
PERF-003732,Customer 3732,12196,Pendiente
PERF-003733,Customer 3733,12199,Activo
PERF-003734,Customer 3734,12202,Inactivo
PERF-003735,Customer 3735,12205,Pendiente
PERF-003736,Customer 3736,12208,Inactivo
PERF-003737,Customer 3737,12211,Activo
PERF-003738,Customer 3738,12214,Pendiente
PERF-003739,Customer 3739,12217,Activo
PERF-003740,CUSTOMER 3740,12220,inactivo
PERF-003741,Customer 3741,12223,Pendiente
PERF-003742,Customer 3742,12226,Inactivo
PERF-003743,Customer 3743,12229,Activo
PERF-003744,Customer 3744,12232,Pendiente
PERF-003745,Customer 3745,12235,Activo
PERF-003746,Customer 3746,12238,Inactivo
PERF-003747,Customer 3747,12241,Pendiente
PERF-003748,Customer 3748,12244,Inactivo
PERF-003749,Customer 3749,12247,Activo
PERF-003750,Customer 3750,12252,Pendiente
PERF-003751,Customer 3751,12253,Activo
PERF-003752,Customer 3752,12256,Inactivo
PERF-003753,Customer 3753,12259,Pendiente
PERF-003754,Customer 3754,12262,Inactivo
PERF-003755,Customer 3755,12265,Activo
PERF-003756,Customer 3756,12268,Pendiente
PERF-003757,Customer 3757,12271,Activo
PERF-003758,Customer 3758,12274,Inactivo
PERF-003759,Customer 3759,12277,Pendiente
PERF-003760,CUSTOMER 3760,12280,inactivo
PERF-003761,Customer 3761,12283,Activo
PERF-003762,Customer 3762,12286,Pendiente
PERF-003763,Customer 3763,12289,Activo
PERF-003764,Customer 3764,12292,Inactivo
PERF-003765,Customer 3765,12295,Pendiente
PERF-003766,Customer 3766,12298,Inactivo
PERF-003767,Customer 3767,12301,Activo
PERF-003768,Customer 3768,12304,Pendiente
PERF-003769,Customer 3769,12307,Activo
PERF-003770,Customer 3770,12310,Inactivo
PERF-003771,Customer 3771,12313,Pendiente
PERF-003772,Customer 3772,12316,Inactivo
PERF-003773,Customer 3773,12319,Activo
PERF-003774,Customer 3774,12322,Pendiente
PERF-003775,Customer 3775,12325,Activo
PERF-003776,Customer 3776,12328,Inactivo
PERF-003777,Customer 3777,12331,Pendiente
PERF-003778,Customer 3778,12334,Inactivo
PERF-003779,Customer 3779,12337,Activo
PERF-003780,CUSTOMER 3780,12340,pendiente
PERF-003781,Customer 3781,12343,Activo
PERF-003782,Customer 3782,12346,Inactivo
PERF-003783,Customer 3783,12349,Pendiente
PERF-003784,Customer 3784,12352,Inactivo
PERF-003785,Customer 3785,12355,Activo
PERF-003786,Customer 3786,12358,Pendiente
PERF-003787,Customer 3787,12361,Activo
PERF-003788,Customer 3788,12364,Inactivo
PERF-003789,Customer 3789,12367,Pendiente
PERF-003790,Customer 3790,12370,Inactivo
PERF-003791,Customer 3791,12373,Activo
PERF-003792,Customer 3792,12376,Pendiente
PERF-003793,Customer 3793,12379,Activo
PERF-003794,Customer 3794,12382,Inactivo
PERF-003795,Customer 3795,12385,Pendiente
PERF-003796,Customer 3796,12388,Inactivo
PERF-003797,Customer 3797,12391,Activo
PERF-003798,Customer 3798,12394,Pendiente
PERF-003799,Customer 3799,12397,Activo
PERF-003800,CUSTOMER 3800,12420,inactivo
PERF-003801,Customer 3801,12403,Pendiente
PERF-003802,Customer 3802,12406,Inactivo
PERF-003803,Customer 3803,12409,Activo
PERF-003804,Customer 3804,12412,Pendiente
PERF-003805,Customer 3805,12415,Activo
PERF-003806,Customer 3806,12418,Inactivo
PERF-003807,Customer 3807,12421,Pendiente
PERF-003808,Customer 3808,12424,Inactivo
PERF-003809,Customer 3809,12427,Activo
PERF-003810,Customer 3810,12430,Pendiente
PERF-003811,Customer 3811,12433,Activo
PERF-003812,Customer 3812,12436,Inactivo
PERF-003813,Customer 3813,12439,Pendiente
PERF-003814,Customer 3814,12442,Inactivo
PERF-003815,Customer 3815,12445,Activo
PERF-003816,Customer 3816,12448,Pendiente
PERF-003817,Customer 3817,12451,Activo
PERF-003818,Customer 3818,12454,Inactivo
PERF-003819,Customer 3819,12457,Pendiente
PERF-003820,CUSTOMER 3820,12460,inactivo
PERF-003821,Customer 3821,12463,Activo
PERF-003822,Customer 3822,12466,Pendiente
PERF-003823,Customer 3823,12469,Activo
PERF-003824,Customer 3824,12472,Inactivo
PERF-003825,Customer 3825,12475,Pendiente
PERF-003826,Customer 3826,12478,Inactivo
PERF-003827,Customer 3827,12481,Activo
PERF-003828,Customer 3828,12484,Pendiente
PERF-003829,Customer 3829,12487,Activo
PERF-003830,Customer 3830,12490,Inactivo
PERF-003831,Customer 3831,12493,Pendiente
PERF-003832,Customer 3832,12496,Inactivo
PERF-003833,Customer 3833,12499,Activo
PERF-003834,Customer 3834,12502,Pendiente
PERF-003835,Customer 3835,12505,Activo
PERF-003836,Customer 3836,12508,Inactivo
PERF-003837,Customer 3837,12511,Pendiente
PERF-003838,Customer 3838,12514,Inactivo
PERF-003839,Customer 3839,12517,Activo
PERF-003840,CUSTOMER 3840,12520,pendiente
PERF-003841,Customer 3841,12523,Activo
PERF-003842,Customer 3842,12526,Inactivo
PERF-003843,Customer 3843,12529,Pendiente
PERF-003844,Customer 3844,12532,Inactivo
PERF-003845,Customer 3845,12535,Activo
PERF-003846,Customer 3846,12538,Pendiente
PERF-003847,Customer 3847,12541,Activo
PERF-003848,Customer 3848,12544,Inactivo
PERF-003849,Customer 3849,12547,Pendiente
PERF-003850,Customer 3850,12552,Inactivo
PERF-003851,Customer 3851,12553,Activo
PERF-003852,Customer 3852,12556,Pendiente
PERF-003853,Customer 3853,12559,Activo
PERF-003854,Customer 3854,12562,Inactivo
PERF-003855,Customer 3855,12565,Pendiente
PERF-003856,Customer 3856,12568,Inactivo
PERF-003857,Customer 3857,12571,Activo
PERF-003858,Customer 3858,12574,Pendiente
PERF-003859,Customer 3859,12577,Activo
PERF-003860,CUSTOMER 3860,12580,inactivo
PERF-003861,Customer 3861,12583,Pendiente
PERF-003862,Customer 3862,12586,Inactivo
PERF-003863,Customer 3863,12589,Activo
PERF-003864,Customer 3864,12592,Pendiente
PERF-003865,Customer 3865,12595,Activo
PERF-003866,Customer 3866,12598,Inactivo
PERF-003867,Customer 3867,12601,Pendiente
PERF-003868,Customer 3868,12604,Inactivo
PERF-003869,Customer 3869,12607,Activo
PERF-003870,Customer 3870,12610,Pendiente
PERF-003871,Customer 3871,12613,Activo
PERF-003872,Customer 3872,12616,Inactivo
PERF-003873,Customer 3873,12619,Pendiente
PERF-003874,Customer 3874,12622,Inactivo
PERF-003875,Customer 3875,12625,Activo
PERF-003876,Customer 3876,12628,Pendiente
PERF-003877,Customer 3877,12631,Activo
PERF-003878,Customer 3878,12634,Inactivo
PERF-003879,Customer 3879,12637,Pendiente
PERF-003880,CUSTOMER 3880,12640,inactivo
PERF-003881,Customer 3881,12643,Activo
PERF-003882,Customer 3882,12646,Pendiente
PERF-003883,Customer 3883,12649,Activo
PERF-003884,Customer 3884,12652,Inactivo
PERF-003885,Customer 3885,12655,Pendiente
PERF-003886,Customer 3886,12658,Inactivo
PERF-003887,Customer 3887,12661,Activo
PERF-003888,Customer 3888,12664,Pendiente
PERF-003889,Customer 3889,12667,Activo
PERF-003890,Customer 3890,12670,Inactivo
PERF-003891,Customer 3891,12673,Pendiente
PERF-003892,Customer 3892,12676,Inactivo
PERF-003893,Customer 3893,12679,Activo
PERF-003894,Customer 3894,12682,Pendiente
PERF-003895,Customer 3895,12685,Activo
PERF-003896,Customer 3896,12688,Inactivo
PERF-003897,Customer 3897,12691,Pendiente
PERF-003898,Customer 3898,12694,Inactivo
PERF-003899,Customer 3899,12697,Activo
PERF-003900,CUSTOMER 3900,12720,pendiente
PERF-003901,Customer 3901,12703,Activo
PERF-003902,Customer 3902,12706,Inactivo
PERF-003903,Customer 3903,12709,Pendiente
PERF-003904,Customer 3904,12712,Inactivo
PERF-003905,Customer 3905,12715,Activo
PERF-003906,Customer 3906,12718,Pendiente
PERF-003907,Customer 3907,12721,Activo
PERF-003908,Customer 3908,12724,Inactivo
PERF-003909,Customer 3909,12727,Pendiente
PERF-003910,Customer 3910,12730,Inactivo
PERF-003911,Customer 3911,12733,Activo
PERF-003912,Customer 3912,12736,Pendiente
PERF-003913,Customer 3913,12739,Activo
PERF-003914,Customer 3914,12742,Inactivo
PERF-003915,Customer 3915,12745,Pendiente
PERF-003916,Customer 3916,12748,Inactivo
PERF-003917,Customer 3917,12751,Activo
PERF-003918,Customer 3918,12754,Pendiente
PERF-003919,Customer 3919,12757,Activo
PERF-003920,CUSTOMER 3920,12760,inactivo
PERF-003921,Customer 3921,12763,Pendiente
PERF-003922,Customer 3922,12766,Inactivo
PERF-003923,Customer 3923,12769,Activo
PERF-003924,Customer 3924,12772,Pendiente
PERF-003925,Customer 3925,12775,Activo
PERF-003926,Customer 3926,12778,Inactivo
PERF-003927,Customer 3927,12781,Pendiente
PERF-003928,Customer 3928,12784,Inactivo
PERF-003929,Customer 3929,12787,Activo
PERF-003930,Customer 3930,12790,Pendiente
PERF-003931,Customer 3931,12793,Activo
PERF-003932,Customer 3932,12796,Inactivo
PERF-003933,Customer 3933,12799,Pendiente
PERF-003934,Customer 3934,12802,Inactivo
PERF-003935,Customer 3935,12805,Activo
PERF-003936,Customer 3936,12808,Pendiente
PERF-003937,Customer 3937,12811,Activo
PERF-003938,Customer 3938,12814,Inactivo
PERF-003939,Customer 3939,12817,Pendiente
PERF-003940,CUSTOMER 3940,12820,inactivo
PERF-003941,Customer 3941,12823,Activo
PERF-003942,Customer 3942,12826,Pendiente
PERF-003943,Customer 3943,12829,Activo
PERF-003944,Customer 3944,12832,Inactivo
PERF-003945,Customer 3945,12835,Pendiente
PERF-003946,Customer 3946,12838,Inactivo
PERF-003947,Customer 3947,12841,Activo
PERF-003948,Customer 3948,12844,Pendiente
PERF-003949,Customer 3949,12847,Activo
PERF-003950,Customer 3950,12852,Inactivo
PERF-003951,Customer 3951,12853,Pendiente
PERF-003952,Customer 3952,12856,Inactivo
PERF-003953,Customer 3953,12859,Activo
PERF-003954,Customer 3954,12862,Pendiente
PERF-003955,Customer 3955,12865,Activo
PERF-003956,Customer 3956,12868,Inactivo
PERF-003957,Customer 3957,12871,Pendiente
PERF-003958,Customer 3958,12874,Inactivo
PERF-003959,Customer 3959,12877,Activo
PERF-003960,CUSTOMER 3960,12880,pendiente
PERF-003961,Customer 3961,12883,Activo
PERF-003962,Customer 3962,12886,Inactivo
PERF-003963,Customer 3963,12889,Pendiente
PERF-003964,Customer 3964,12892,Inactivo
PERF-003965,Customer 3965,12895,Activo
PERF-003966,Customer 3966,12898,Pendiente
PERF-003967,Customer 3967,12901,Activo
PERF-003968,Customer 3968,12904,Inactivo
PERF-003969,Customer 3969,12907,Pendiente
PERF-003970,Customer 3970,12910,Inactivo
PERF-003971,Customer 3971,12913,Activo
PERF-003972,Customer 3972,12916,Pendiente
PERF-003973,Customer 3973,12919,Activo
PERF-003974,Customer 3974,12922,Inactivo
PERF-003975,Customer 3975,12925,Pendiente
PERF-003976,Customer 3976,12928,Inactivo
PERF-003977,Customer 3977,12931,Activo
PERF-003978,Customer 3978,12934,Pendiente
PERF-003979,Customer 3979,12937,Activo
PERF-003980,CUSTOMER 3980,12940,inactivo
PERF-003981,Customer 3981,12943,Pendiente
PERF-003982,Customer 3982,12946,Inactivo
PERF-003983,Customer 3983,12949,Activo
PERF-003984,Customer 3984,12952,Pendiente
PERF-003985,Customer 3985,12955,Activo
PERF-003986,Customer 3986,12958,Inactivo
PERF-003987,Customer 3987,12961,Pendiente
PERF-003988,Customer 3988,12964,Inactivo
PERF-003989,Customer 3989,12967,Activo
PERF-003990,Customer 3990,12970,Pendiente
PERF-003991,Customer 3991,12973,Activo
PERF-003992,Customer 3992,12976,Inactivo
PERF-003993,Customer 3993,12979,Pendiente
PERF-003994,Customer 3994,12982,Inactivo
PERF-003995,Customer 3995,12985,Activo
PERF-003996,Customer 3996,12988,Pendiente
PERF-003997,Customer 3997,12991,Activo
PERF-003998,Customer 3998,12994,Inactivo
PERF-003999,Customer 3999,12997,Pendiente
PERF-004000,CUSTOMER 4000,13020,inactivo
PERF-004001,Customer 4001,13003,Activo
PERF-004002,Customer 4002,13006,Pendiente
PERF-004003,Customer 4003,13009,Activo
PERF-004004,Customer 4004,13012,Inactivo
PERF-004005,Customer 4005,13015,Pendiente
PERF-004006,Customer 4006,13018,Inactivo
PERF-004007,Customer 4007,13021,Activo
PERF-004008,Customer 4008,13024,Pendiente
PERF-004009,Customer 4009,13027,Activo
PERF-004010,Customer 4010,13030,Inactivo
PERF-004011,Customer 4011,13033,Pendiente
PERF-004012,Customer 4012,13036,Inactivo
PERF-004013,Customer 4013,13039,Activo
PERF-004014,Customer 4014,13042,Pendiente
PERF-004015,Customer 4015,13045,Activo
PERF-004016,Customer 4016,13048,Inactivo
PERF-004017,Customer 4017,13051,Pendiente
PERF-004018,Customer 4018,13054,Inactivo
PERF-004019,Customer 4019,13057,Activo
PERF-004020,CUSTOMER 4020,13060,pendiente
PERF-004021,Customer 4021,13063,Activo
PERF-004022,Customer 4022,13066,Inactivo
PERF-004023,Customer 4023,13069,Pendiente
PERF-004024,Customer 4024,13072,Inactivo
PERF-004025,Customer 4025,13075,Activo
PERF-004026,Customer 4026,13078,Pendiente
PERF-004027,Customer 4027,13081,Activo
PERF-004028,Customer 4028,13084,Inactivo
PERF-004029,Customer 4029,13087,Pendiente
PERF-004030,Customer 4030,13090,Inactivo
PERF-004031,Customer 4031,13093,Activo
PERF-004032,Customer 4032,13096,Pendiente
PERF-004033,Customer 4033,13099,Activo
PERF-004034,Customer 4034,13102,Inactivo
PERF-004035,Customer 4035,13105,Pendiente
PERF-004036,Customer 4036,13108,Inactivo
PERF-004037,Customer 4037,13111,Activo
PERF-004038,Customer 4038,13114,Pendiente
PERF-004039,Customer 4039,13117,Activo
PERF-004040,CUSTOMER 4040,13120,inactivo
PERF-004041,Customer 4041,13123,Pendiente
PERF-004042,Customer 4042,13126,Inactivo
PERF-004043,Customer 4043,13129,Activo
PERF-004044,Customer 4044,13132,Pendiente
PERF-004045,Customer 4045,13135,Activo
PERF-004046,Customer 4046,13138,Inactivo
PERF-004047,Customer 4047,13141,Pendiente
PERF-004048,Customer 4048,13144,Inactivo
PERF-004049,Customer 4049,13147,Activo
PERF-004050,Customer 4050,13152,Pendiente
PERF-004051,Customer 4051,13153,Activo
PERF-004052,Customer 4052,13156,Inactivo
PERF-004053,Customer 4053,13159,Pendiente
PERF-004054,Customer 4054,13162,Inactivo
PERF-004055,Customer 4055,13165,Activo
PERF-004056,Customer 4056,13168,Pendiente
PERF-004057,Customer 4057,13171,Activo
PERF-004058,Customer 4058,13174,Inactivo
PERF-004059,Customer 4059,13177,Pendiente
PERF-004060,CUSTOMER 4060,13180,inactivo
PERF-004061,Customer 4061,13183,Activo
PERF-004062,Customer 4062,13186,Pendiente
PERF-004063,Customer 4063,13189,Activo
PERF-004064,Customer 4064,13192,Inactivo
PERF-004065,Customer 4065,13195,Pendiente
PERF-004066,Customer 4066,13198,Inactivo
PERF-004067,Customer 4067,13201,Activo
PERF-004068,Customer 4068,13204,Pendiente
PERF-004069,Customer 4069,13207,Activo
PERF-004070,Customer 4070,13210,Inactivo
PERF-004071,Customer 4071,13213,Pendiente
PERF-004072,Customer 4072,13216,Inactivo
PERF-004073,Customer 4073,13219,Activo
PERF-004074,Customer 4074,13222,Pendiente
PERF-004075,Customer 4075,13225,Activo
PERF-004076,Customer 4076,13228,Inactivo
PERF-004077,Customer 4077,13231,Pendiente
PERF-004078,Customer 4078,13234,Inactivo
PERF-004079,Customer 4079,13237,Activo
PERF-004080,CUSTOMER 4080,13240,pendiente
PERF-004081,Customer 4081,13243,Activo
PERF-004082,Customer 4082,13246,Inactivo
PERF-004083,Customer 4083,13249,Pendiente
PERF-004084,Customer 4084,13252,Inactivo
PERF-004085,Customer 4085,13255,Activo
PERF-004086,Customer 4086,13258,Pendiente
PERF-004087,Customer 4087,13261,Activo
PERF-004088,Customer 4088,13264,Inactivo
PERF-004089,Customer 4089,13267,Pendiente
PERF-004090,Customer 4090,13270,Inactivo
PERF-004091,Customer 4091,13273,Activo
PERF-004092,Customer 4092,13276,Pendiente
PERF-004093,Customer 4093,13279,Activo
PERF-004094,Customer 4094,13282,Inactivo
PERF-004095,Customer 4095,13285,Pendiente
PERF-004096,Customer 4096,13288,Inactivo
PERF-004097,Customer 4097,13291,Activo
PERF-004098,Customer 4098,13294,Pendiente
PERF-004099,Customer 4099,13297,Activo
PERF-004100,CUSTOMER 4100,13320,inactivo
PERF-004101,Customer 4101,13303,Pendiente
PERF-004102,Customer 4102,13306,Inactivo
PERF-004103,Customer 4103,13309,Activo
PERF-004104,Customer 4104,13312,Pendiente
PERF-004105,Customer 4105,13315,Activo
PERF-004106,Customer 4106,13318,Inactivo
PERF-004107,Customer 4107,13321,Pendiente
PERF-004108,Customer 4108,13324,Inactivo
PERF-004109,Customer 4109,13327,Activo
PERF-004110,Customer 4110,13330,Pendiente
PERF-004111,Customer 4111,13333,Activo
PERF-004112,Customer 4112,13336,Inactivo
PERF-004113,Customer 4113,13339,Pendiente
PERF-004114,Customer 4114,13342,Inactivo
PERF-004115,Customer 4115,13345,Activo
PERF-004116,Customer 4116,13348,Pendiente
PERF-004117,Customer 4117,13351,Activo
PERF-004118,Customer 4118,13354,Inactivo
PERF-004119,Customer 4119,13357,Pendiente
PERF-004120,CUSTOMER 4120,13360,inactivo
PERF-004121,Customer 4121,13363,Activo
PERF-004122,Customer 4122,13366,Pendiente
PERF-004123,Customer 4123,13369,Activo
PERF-004124,Customer 4124,13372,Inactivo
PERF-004125,Customer 4125,13375,Pendiente
PERF-004126,Customer 4126,13378,Inactivo
PERF-004127,Customer 4127,13381,Activo
PERF-004128,Customer 4128,13384,Pendiente
PERF-004129,Customer 4129,13387,Activo
PERF-004130,Customer 4130,13390,Inactivo
PERF-004131,Customer 4131,13393,Pendiente
PERF-004132,Customer 4132,13396,Inactivo
PERF-004133,Customer 4133,13399,Activo
PERF-004134,Customer 4134,13402,Pendiente
PERF-004135,Customer 4135,13405,Activo
PERF-004136,Customer 4136,13408,Inactivo
PERF-004137,Customer 4137,13411,Pendiente
PERF-004138,Customer 4138,13414,Inactivo
PERF-004139,Customer 4139,13417,Activo
PERF-004140,CUSTOMER 4140,13420,pendiente
PERF-004141,Customer 4141,13423,Activo
PERF-004142,Customer 4142,13426,Inactivo
PERF-004143,Customer 4143,13429,Pendiente
PERF-004144,Customer 4144,13432,Inactivo
PERF-004145,Customer 4145,13435,Activo
PERF-004146,Customer 4146,13438,Pendiente
PERF-004147,Customer 4147,13441,Activo
PERF-004148,Customer 4148,13444,Inactivo
PERF-004149,Customer 4149,13447,Pendiente
PERF-004150,Customer 4150,13452,Inactivo
PERF-004151,Customer 4151,13453,Activo
PERF-004152,Customer 4152,13456,Pendiente
PERF-004153,Customer 4153,13459,Activo
PERF-004154,Customer 4154,13462,Inactivo
PERF-004155,Customer 4155,13465,Pendiente
PERF-004156,Customer 4156,13468,Inactivo
PERF-004157,Customer 4157,13471,Activo
PERF-004158,Customer 4158,13474,Pendiente
PERF-004159,Customer 4159,13477,Activo
PERF-004160,CUSTOMER 4160,13480,inactivo
PERF-004161,Customer 4161,13483,Pendiente
PERF-004162,Customer 4162,13486,Inactivo
PERF-004163,Customer 4163,13489,Activo
PERF-004164,Customer 4164,13492,Pendiente
PERF-004165,Customer 4165,13495,Activo
PERF-004166,Customer 4166,13498,Inactivo
PERF-004167,Customer 4167,13501,Pendiente
PERF-004168,Customer 4168,13504,Inactivo
PERF-004169,Customer 4169,13507,Activo
PERF-004170,Customer 4170,13510,Pendiente
PERF-004171,Customer 4171,13513,Activo
PERF-004172,Customer 4172,13516,Inactivo
PERF-004173,Customer 4173,13519,Pendiente
PERF-004174,Customer 4174,13522,Inactivo
PERF-004175,Customer 4175,13525,Activo
PERF-004176,Customer 4176,13528,Pendiente
PERF-004177,Customer 4177,13531,Activo
PERF-004178,Customer 4178,13534,Inactivo
PERF-004179,Customer 4179,13537,Pendiente
PERF-004180,CUSTOMER 4180,13540,inactivo
PERF-004181,Customer 4181,13543,Activo
PERF-004182,Customer 4182,13546,Pendiente
PERF-004183,Customer 4183,13549,Activo
PERF-004184,Customer 4184,13552,Inactivo
PERF-004185,Customer 4185,13555,Pendiente
PERF-004186,Customer 4186,13558,Inactivo
PERF-004187,Customer 4187,13561,Activo
PERF-004188,Customer 4188,13564,Pendiente
PERF-004189,Customer 4189,13567,Activo
PERF-004190,Customer 4190,13570,Inactivo
PERF-004191,Customer 4191,13573,Pendiente
PERF-004192,Customer 4192,13576,Inactivo
PERF-004193,Customer 4193,13579,Activo
PERF-004194,Customer 4194,13582,Pendiente
PERF-004195,Customer 4195,13585,Activo
PERF-004196,Customer 4196,13588,Inactivo
PERF-004197,Customer 4197,13591,Pendiente
PERF-004198,Customer 4198,13594,Inactivo
PERF-004199,Customer 4199,13597,Activo
PERF-004200,CUSTOMER 4200,13620,pendiente
PERF-004201,Customer 4201,13603,Activo
PERF-004202,Customer 4202,13606,Inactivo
PERF-004203,Customer 4203,13609,Pendiente
PERF-004204,Customer 4204,13612,Inactivo
PERF-004205,Customer 4205,13615,Activo
PERF-004206,Customer 4206,13618,Pendiente
PERF-004207,Customer 4207,13621,Activo
PERF-004208,Customer 4208,13624,Inactivo
PERF-004209,Customer 4209,13627,Pendiente
PERF-004210,Customer 4210,13630,Inactivo
PERF-004211,Customer 4211,13633,Activo
PERF-004212,Customer 4212,13636,Pendiente
PERF-004213,Customer 4213,13639,Activo
PERF-004214,Customer 4214,13642,Inactivo
PERF-004215,Customer 4215,13645,Pendiente
PERF-004216,Customer 4216,13648,Inactivo
PERF-004217,Customer 4217,13651,Activo
PERF-004218,Customer 4218,13654,Pendiente
PERF-004219,Customer 4219,13657,Activo
PERF-004220,CUSTOMER 4220,13660,inactivo
PERF-004221,Customer 4221,13663,Pendiente
PERF-004222,Customer 4222,13666,Inactivo
PERF-004223,Customer 4223,13669,Activo
PERF-004224,Customer 4224,13672,Pendiente
PERF-004225,Customer 4225,13675,Activo
PERF-004226,Customer 4226,13678,Inactivo
PERF-004227,Customer 4227,13681,Pendiente
PERF-004228,Customer 4228,13684,Inactivo
PERF-004229,Customer 4229,13687,Activo
PERF-004230,Customer 4230,13690,Pendiente
PERF-004231,Customer 4231,13693,Activo
PERF-004232,Customer 4232,13696,Inactivo
PERF-004233,Customer 4233,13699,Pendiente
PERF-004234,Customer 4234,13702,Inactivo
PERF-004235,Customer 4235,13705,Activo
PERF-004236,Customer 4236,13708,Pendiente
PERF-004237,Customer 4237,13711,Activo
PERF-004238,Customer 4238,13714,Inactivo
PERF-004239,Customer 4239,13717,Pendiente
PERF-004240,CUSTOMER 4240,13720,inactivo
PERF-004241,Customer 4241,13723,Activo
PERF-004242,Customer 4242,13726,Pendiente
PERF-004243,Customer 4243,13729,Activo
PERF-004244,Customer 4244,13732,Inactivo
PERF-004245,Customer 4245,13735,Pendiente
PERF-004246,Customer 4246,13738,Inactivo
PERF-004247,Customer 4247,13741,Activo
PERF-004248,Customer 4248,13744,Pendiente
PERF-004249,Customer 4249,13747,Activo
PERF-004250,Customer 4250,13752,Inactivo
PERF-004251,Customer 4251,13753,Pendiente
PERF-004252,Customer 4252,13756,Inactivo
PERF-004253,Customer 4253,13759,Activo
PERF-004254,Customer 4254,13762,Pendiente
PERF-004255,Customer 4255,13765,Activo
PERF-004256,Customer 4256,13768,Inactivo
PERF-004257,Customer 4257,13771,Pendiente
PERF-004258,Customer 4258,13774,Inactivo
PERF-004259,Customer 4259,13777,Activo
PERF-004260,CUSTOMER 4260,13780,pendiente
PERF-004261,Customer 4261,13783,Activo
PERF-004262,Customer 4262,13786,Inactivo
PERF-004263,Customer 4263,13789,Pendiente
PERF-004264,Customer 4264,13792,Inactivo
PERF-004265,Customer 4265,13795,Activo
PERF-004266,Customer 4266,13798,Pendiente
PERF-004267,Customer 4267,13801,Activo
PERF-004268,Customer 4268,13804,Inactivo
PERF-004269,Customer 4269,13807,Pendiente
PERF-004270,Customer 4270,13810,Inactivo
PERF-004271,Customer 4271,13813,Activo
PERF-004272,Customer 4272,13816,Pendiente
PERF-004273,Customer 4273,13819,Activo
PERF-004274,Customer 4274,13822,Inactivo
PERF-004275,Customer 4275,13825,Pendiente
PERF-004276,Customer 4276,13828,Inactivo
PERF-004277,Customer 4277,13831,Activo
PERF-004278,Customer 4278,13834,Pendiente
PERF-004279,Customer 4279,13837,Activo
PERF-004280,CUSTOMER 4280,13840,inactivo
PERF-004281,Customer 4281,13843,Pendiente
PERF-004282,Customer 4282,13846,Inactivo
PERF-004283,Customer 4283,13849,Activo
PERF-004284,Customer 4284,13852,Pendiente
PERF-004285,Customer 4285,13855,Activo
PERF-004286,Customer 4286,13858,Inactivo
PERF-004287,Customer 4287,13861,Pendiente
PERF-004288,Customer 4288,13864,Inactivo
PERF-004289,Customer 4289,13867,Activo
PERF-004290,Customer 4290,13870,Pendiente
PERF-004291,Customer 4291,13873,Activo
PERF-004292,Customer 4292,13876,Inactivo
PERF-004293,Customer 4293,13879,Pendiente
PERF-004294,Customer 4294,13882,Inactivo
PERF-004295,Customer 4295,13885,Activo
PERF-004296,Customer 4296,13888,Pendiente
PERF-004297,Customer 4297,13891,Activo
PERF-004298,Customer 4298,13894,Inactivo
PERF-004299,Customer 4299,13897,Pendiente
PERF-004300,CUSTOMER 4300,13920,inactivo
PERF-004301,Customer 4301,13903,Activo
PERF-004302,Customer 4302,13906,Pendiente
PERF-004303,Customer 4303,13909,Activo
PERF-004304,Customer 4304,13912,Inactivo
PERF-004305,Customer 4305,13915,Pendiente
PERF-004306,Customer 4306,13918,Inactivo
PERF-004307,Customer 4307,13921,Activo
PERF-004308,Customer 4308,13924,Pendiente
PERF-004309,Customer 4309,13927,Activo
PERF-004310,Customer 4310,13930,Inactivo
PERF-004311,Customer 4311,13933,Pendiente
PERF-004312,Customer 4312,13936,Inactivo
PERF-004313,Customer 4313,13939,Activo
PERF-004314,Customer 4314,13942,Pendiente
PERF-004315,Customer 4315,13945,Activo
PERF-004316,Customer 4316,13948,Inactivo
PERF-004317,Customer 4317,13951,Pendiente
PERF-004318,Customer 4318,13954,Inactivo
PERF-004319,Customer 4319,13957,Activo
PERF-004320,CUSTOMER 4320,13960,pendiente
PERF-004321,Customer 4321,13963,Activo
PERF-004322,Customer 4322,13966,Inactivo
PERF-004323,Customer 4323,13969,Pendiente
PERF-004324,Customer 4324,13972,Inactivo
PERF-004325,Customer 4325,13975,Activo
PERF-004326,Customer 4326,13978,Pendiente
PERF-004327,Customer 4327,13981,Activo
PERF-004328,Customer 4328,13984,Inactivo
PERF-004329,Customer 4329,13987,Pendiente
PERF-004330,Customer 4330,13990,Inactivo
PERF-004331,Customer 4331,13993,Activo
PERF-004332,Customer 4332,13996,Pendiente
PERF-004333,Customer 4333,13999,Activo
PERF-004334,Customer 4334,14002,Inactivo
PERF-004335,Customer 4335,14005,Pendiente
PERF-004336,Customer 4336,14008,Inactivo
PERF-004337,Customer 4337,14011,Activo
PERF-004338,Customer 4338,14014,Pendiente
PERF-004339,Customer 4339,14017,Activo
PERF-004340,CUSTOMER 4340,14020,inactivo
PERF-004341,Customer 4341,14023,Pendiente
PERF-004342,Customer 4342,14026,Inactivo
PERF-004343,Customer 4343,14029,Activo
PERF-004344,Customer 4344,14032,Pendiente
PERF-004345,Customer 4345,14035,Activo
PERF-004346,Customer 4346,14038,Inactivo
PERF-004347,Customer 4347,14041,Pendiente
PERF-004348,Customer 4348,14044,Inactivo
PERF-004349,Customer 4349,14047,Activo
PERF-004350,Customer 4350,14052,Pendiente
PERF-004351,Customer 4351,14053,Activo
PERF-004352,Customer 4352,14056,Inactivo
PERF-004353,Customer 4353,14059,Pendiente
PERF-004354,Customer 4354,14062,Inactivo
PERF-004355,Customer 4355,14065,Activo
PERF-004356,Customer 4356,14068,Pendiente
PERF-004357,Customer 4357,14071,Activo
PERF-004358,Customer 4358,14074,Inactivo
PERF-004359,Customer 4359,14077,Pendiente
PERF-004360,CUSTOMER 4360,14080,inactivo
PERF-004361,Customer 4361,14083,Activo
PERF-004362,Customer 4362,14086,Pendiente
PERF-004363,Customer 4363,14089,Activo
PERF-004364,Customer 4364,14092,Inactivo
PERF-004365,Customer 4365,14095,Pendiente
PERF-004366,Customer 4366,14098,Inactivo
PERF-004367,Customer 4367,14101,Activo
PERF-004368,Customer 4368,14104,Pendiente
PERF-004369,Customer 4369,14107,Activo
PERF-004370,Customer 4370,14110,Inactivo
PERF-004371,Customer 4371,14113,Pendiente
PERF-004372,Customer 4372,14116,Inactivo
PERF-004373,Customer 4373,14119,Activo
PERF-004374,Customer 4374,14122,Pendiente
PERF-004375,Customer 4375,14125,Activo
PERF-004376,Customer 4376,14128,Inactivo
PERF-004377,Customer 4377,14131,Pendiente
PERF-004378,Customer 4378,14134,Inactivo
PERF-004379,Customer 4379,14137,Activo
PERF-004380,CUSTOMER 4380,14140,pendiente
PERF-004381,Customer 4381,14143,Activo
PERF-004382,Customer 4382,14146,Inactivo
PERF-004383,Customer 4383,14149,Pendiente
PERF-004384,Customer 4384,14152,Inactivo
PERF-004385,Customer 4385,14155,Activo
PERF-004386,Customer 4386,14158,Pendiente
PERF-004387,Customer 4387,14161,Activo
PERF-004388,Customer 4388,14164,Inactivo
PERF-004389,Customer 4389,14167,Pendiente
PERF-004390,Customer 4390,14170,Inactivo
PERF-004391,Customer 4391,14173,Activo
PERF-004392,Customer 4392,14176,Pendiente
PERF-004393,Customer 4393,14179,Activo
PERF-004394,Customer 4394,14182,Inactivo
PERF-004395,Customer 4395,14185,Pendiente
PERF-004396,Customer 4396,14188,Inactivo
PERF-004397,Customer 4397,14191,Activo
PERF-004398,Customer 4398,14194,Pendiente
PERF-004399,Customer 4399,14197,Activo
PERF-004400,CUSTOMER 4400,14220,inactivo
PERF-004401,Customer 4401,14203,Pendiente
PERF-004402,Customer 4402,14206,Inactivo
PERF-004403,Customer 4403,14209,Activo
PERF-004404,Customer 4404,14212,Pendiente
PERF-004405,Customer 4405,14215,Activo
PERF-004406,Customer 4406,14218,Inactivo
PERF-004407,Customer 4407,14221,Pendiente
PERF-004408,Customer 4408,14224,Inactivo
PERF-004409,Customer 4409,14227,Activo
PERF-004410,Customer 4410,14230,Pendiente
PERF-004411,Customer 4411,14233,Activo
PERF-004412,Customer 4412,14236,Inactivo
PERF-004413,Customer 4413,14239,Pendiente
PERF-004414,Customer 4414,14242,Inactivo
PERF-004415,Customer 4415,14245,Activo
PERF-004416,Customer 4416,14248,Pendiente
PERF-004417,Customer 4417,14251,Activo
PERF-004418,Customer 4418,14254,Inactivo
PERF-004419,Customer 4419,14257,Pendiente
PERF-004420,CUSTOMER 4420,14260,inactivo
PERF-004421,Customer 4421,14263,Activo
PERF-004422,Customer 4422,14266,Pendiente
PERF-004423,Customer 4423,14269,Activo
PERF-004424,Customer 4424,14272,Inactivo
PERF-004425,Customer 4425,14275,Pendiente
PERF-004426,Customer 4426,14278,Inactivo
PERF-004427,Customer 4427,14281,Activo
PERF-004428,Customer 4428,14284,Pendiente
PERF-004429,Customer 4429,14287,Activo
PERF-004430,Customer 4430,14290,Inactivo
PERF-004431,Customer 4431,14293,Pendiente
PERF-004432,Customer 4432,14296,Inactivo
PERF-004433,Customer 4433,14299,Activo
PERF-004434,Customer 4434,14302,Pendiente
PERF-004435,Customer 4435,14305,Activo
PERF-004436,Customer 4436,14308,Inactivo
PERF-004437,Customer 4437,14311,Pendiente
PERF-004438,Customer 4438,14314,Inactivo
PERF-004439,Customer 4439,14317,Activo
PERF-004440,CUSTOMER 4440,14320,pendiente
PERF-004441,Customer 4441,14323,Activo
PERF-004442,Customer 4442,14326,Inactivo
PERF-004443,Customer 4443,14329,Pendiente
PERF-004444,Customer 4444,14332,Inactivo
PERF-004445,Customer 4445,14335,Activo
PERF-004446,Customer 4446,14338,Pendiente
PERF-004447,Customer 4447,14341,Activo
PERF-004448,Customer 4448,14344,Inactivo
PERF-004449,Customer 4449,14347,Pendiente
PERF-004450,Customer 4450,14352,Inactivo
PERF-004451,Customer 4451,14353,Activo
PERF-004452,Customer 4452,14356,Pendiente
PERF-004453,Customer 4453,14359,Activo
PERF-004454,Customer 4454,14362,Inactivo
PERF-004455,Customer 4455,14365,Pendiente
PERF-004456,Customer 4456,14368,Inactivo
PERF-004457,Customer 4457,14371,Activo
PERF-004458,Customer 4458,14374,Pendiente
PERF-004459,Customer 4459,14377,Activo
PERF-004460,CUSTOMER 4460,14380,inactivo
PERF-004461,Customer 4461,14383,Pendiente
PERF-004462,Customer 4462,14386,Inactivo
PERF-004463,Customer 4463,14389,Activo
PERF-004464,Customer 4464,14392,Pendiente
PERF-004465,Customer 4465,14395,Activo
PERF-004466,Customer 4466,14398,Inactivo
PERF-004467,Customer 4467,14401,Pendiente
PERF-004468,Customer 4468,14404,Inactivo
PERF-004469,Customer 4469,14407,Activo
PERF-004470,Customer 4470,14410,Pendiente
PERF-004471,Customer 4471,14413,Activo
PERF-004472,Customer 4472,14416,Inactivo
PERF-004473,Customer 4473,14419,Pendiente
PERF-004474,Customer 4474,14422,Inactivo
PERF-004475,Customer 4475,14425,Activo
PERF-004476,Customer 4476,14428,Pendiente
PERF-004477,Customer 4477,14431,Activo
PERF-004478,Customer 4478,14434,Inactivo
PERF-004479,Customer 4479,14437,Pendiente
PERF-004480,CUSTOMER 4480,14440,inactivo
PERF-004481,Customer 4481,14443,Activo
PERF-004482,Customer 4482,14446,Pendiente
PERF-004483,Customer 4483,14449,Activo
PERF-004484,Customer 4484,14452,Inactivo
PERF-004485,Customer 4485,14455,Pendiente
PERF-004486,Customer 4486,14458,Inactivo
PERF-004487,Customer 4487,14461,Activo
PERF-004488,Customer 4488,14464,Pendiente
PERF-004489,Customer 4489,14467,Activo
PERF-004490,Customer 4490,14470,Inactivo
PERF-004491,Customer 4491,14473,Pendiente
PERF-004492,Customer 4492,14476,Inactivo
PERF-004493,Customer 4493,14479,Activo
PERF-004494,Customer 4494,14482,Pendiente
PERF-004495,Customer 4495,14485,Activo
PERF-004496,Customer 4496,14488,Inactivo
PERF-004497,Customer 4497,14491,Pendiente
PERF-004498,Customer 4498,14494,Inactivo
PERF-004499,Customer 4499,14497,Activo
PERF-004500,CUSTOMER 4500,14520,pendiente
PERF-004501,Customer 4501,14503,Activo
PERF-004502,Customer 4502,14506,Inactivo
PERF-004503,Customer 4503,14509,Pendiente
PERF-004504,Customer 4504,14512,Inactivo
PERF-004505,Customer 4505,14515,Activo
PERF-004506,Customer 4506,14518,Pendiente
PERF-004507,Customer 4507,14521,Activo
PERF-004508,Customer 4508,14524,Inactivo
PERF-004509,Customer 4509,14527,Pendiente
PERF-004510,Customer 4510,14530,Inactivo
PERF-004511,Customer 4511,14533,Activo
PERF-004512,Customer 4512,14536,Pendiente
PERF-004513,Customer 4513,14539,Activo
PERF-004514,Customer 4514,14542,Inactivo
PERF-004515,Customer 4515,14545,Pendiente
PERF-004516,Customer 4516,14548,Inactivo
PERF-004517,Customer 4517,14551,Activo
PERF-004518,Customer 4518,14554,Pendiente
PERF-004519,Customer 4519,14557,Activo
PERF-004520,CUSTOMER 4520,14560,inactivo
PERF-004521,Customer 4521,14563,Pendiente
PERF-004522,Customer 4522,14566,Inactivo
PERF-004523,Customer 4523,14569,Activo
PERF-004524,Customer 4524,14572,Pendiente
PERF-004525,Customer 4525,14575,Activo
PERF-004526,Customer 4526,14578,Inactivo
PERF-004527,Customer 4527,14581,Pendiente
PERF-004528,Customer 4528,14584,Inactivo
PERF-004529,Customer 4529,14587,Activo
PERF-004530,Customer 4530,14590,Pendiente
PERF-004531,Customer 4531,14593,Activo
PERF-004532,Customer 4532,14596,Inactivo
PERF-004533,Customer 4533,14599,Pendiente
PERF-004534,Customer 4534,14602,Inactivo
PERF-004535,Customer 4535,14605,Activo
PERF-004536,Customer 4536,14608,Pendiente
PERF-004537,Customer 4537,14611,Activo
PERF-004538,Customer 4538,14614,Inactivo
PERF-004539,Customer 4539,14617,Pendiente
PERF-004540,CUSTOMER 4540,14620,inactivo
PERF-004541,Customer 4541,14623,Activo
PERF-004542,Customer 4542,14626,Pendiente
PERF-004543,Customer 4543,14629,Activo
PERF-004544,Customer 4544,14632,Inactivo
PERF-004545,Customer 4545,14635,Pendiente
PERF-004546,Customer 4546,14638,Inactivo
PERF-004547,Customer 4547,14641,Activo
PERF-004548,Customer 4548,14644,Pendiente
PERF-004549,Customer 4549,14647,Activo
PERF-004550,Customer 4550,14652,Inactivo
PERF-004551,Customer 4551,14653,Pendiente
PERF-004552,Customer 4552,14656,Inactivo
PERF-004553,Customer 4553,14659,Activo
PERF-004554,Customer 4554,14662,Pendiente
PERF-004555,Customer 4555,14665,Activo
PERF-004556,Customer 4556,14668,Inactivo
PERF-004557,Customer 4557,14671,Pendiente
PERF-004558,Customer 4558,14674,Inactivo
PERF-004559,Customer 4559,14677,Activo
PERF-004560,CUSTOMER 4560,14680,pendiente
PERF-004561,Customer 4561,14683,Activo
PERF-004562,Customer 4562,14686,Inactivo
PERF-004563,Customer 4563,14689,Pendiente
PERF-004564,Customer 4564,14692,Inactivo
PERF-004565,Customer 4565,14695,Activo
PERF-004566,Customer 4566,14698,Pendiente
PERF-004567,Customer 4567,14701,Activo
PERF-004568,Customer 4568,14704,Inactivo
PERF-004569,Customer 4569,14707,Pendiente
PERF-004570,Customer 4570,14710,Inactivo
PERF-004571,Customer 4571,14713,Activo
PERF-004572,Customer 4572,14716,Pendiente
PERF-004573,Customer 4573,14719,Activo
PERF-004574,Customer 4574,14722,Inactivo
PERF-004575,Customer 4575,14725,Pendiente
PERF-004576,Customer 4576,14728,Inactivo
PERF-004577,Customer 4577,14731,Activo
PERF-004578,Customer 4578,14734,Pendiente
PERF-004579,Customer 4579,14737,Activo
PERF-004580,CUSTOMER 4580,14740,inactivo
PERF-004581,Customer 4581,14743,Pendiente
PERF-004582,Customer 4582,14746,Inactivo
PERF-004583,Customer 4583,14749,Activo
PERF-004584,Customer 4584,14752,Pendiente
PERF-004585,Customer 4585,14755,Activo
PERF-004586,Customer 4586,14758,Inactivo
PERF-004587,Customer 4587,14761,Pendiente
PERF-004588,Customer 4588,14764,Inactivo
PERF-004589,Customer 4589,14767,Activo
PERF-004590,Customer 4590,14770,Pendiente
PERF-004591,Customer 4591,14773,Activo
PERF-004592,Customer 4592,14776,Inactivo
PERF-004593,Customer 4593,14779,Pendiente
PERF-004594,Customer 4594,14782,Inactivo
PERF-004595,Customer 4595,14785,Activo
PERF-004596,Customer 4596,14788,Pendiente
PERF-004597,Customer 4597,14791,Activo
PERF-004598,Customer 4598,14794,Inactivo
PERF-004599,Customer 4599,14797,Pendiente
PERF-004600,CUSTOMER 4600,14820,inactivo
PERF-004601,Customer 4601,14803,Activo
PERF-004602,Customer 4602,14806,Pendiente
PERF-004603,Customer 4603,14809,Activo
PERF-004604,Customer 4604,14812,Inactivo
PERF-004605,Customer 4605,14815,Pendiente
PERF-004606,Customer 4606,14818,Inactivo
PERF-004607,Customer 4607,14821,Activo
PERF-004608,Customer 4608,14824,Pendiente
PERF-004609,Customer 4609,14827,Activo
PERF-004610,Customer 4610,14830,Inactivo
PERF-004611,Customer 4611,14833,Pendiente
PERF-004612,Customer 4612,14836,Inactivo
PERF-004613,Customer 4613,14839,Activo
PERF-004614,Customer 4614,14842,Pendiente
PERF-004615,Customer 4615,14845,Activo
PERF-004616,Customer 4616,14848,Inactivo
PERF-004617,Customer 4617,14851,Pendiente
PERF-004618,Customer 4618,14854,Inactivo
PERF-004619,Customer 4619,14857,Activo
PERF-004620,CUSTOMER 4620,14860,pendiente
PERF-004621,Customer 4621,14863,Activo
PERF-004622,Customer 4622,14866,Inactivo
PERF-004623,Customer 4623,14869,Pendiente
PERF-004624,Customer 4624,14872,Inactivo
PERF-004625,Customer 4625,14875,Activo
PERF-004626,Customer 4626,14878,Pendiente
PERF-004627,Customer 4627,14881,Activo
PERF-004628,Customer 4628,14884,Inactivo
PERF-004629,Customer 4629,14887,Pendiente
PERF-004630,Customer 4630,14890,Inactivo
PERF-004631,Customer 4631,14893,Activo
PERF-004632,Customer 4632,14896,Pendiente
PERF-004633,Customer 4633,14899,Activo
PERF-004634,Customer 4634,14902,Inactivo
PERF-004635,Customer 4635,14905,Pendiente
PERF-004636,Customer 4636,14908,Inactivo
PERF-004637,Customer 4637,14911,Activo
PERF-004638,Customer 4638,14914,Pendiente
PERF-004639,Customer 4639,14917,Activo
PERF-004640,CUSTOMER 4640,14920,inactivo
PERF-004641,Customer 4641,14923,Pendiente
PERF-004642,Customer 4642,14926,Inactivo
PERF-004643,Customer 4643,14929,Activo
PERF-004644,Customer 4644,14932,Pendiente
PERF-004645,Customer 4645,14935,Activo
PERF-004646,Customer 4646,14938,Inactivo
PERF-004647,Customer 4647,14941,Pendiente
PERF-004648,Customer 4648,14944,Inactivo
PERF-004649,Customer 4649,14947,Activo
PERF-004650,Customer 4650,14952,Pendiente
PERF-004651,Customer 4651,14953,Activo
PERF-004652,Customer 4652,14956,Inactivo
PERF-004653,Customer 4653,14959,Pendiente
PERF-004654,Customer 4654,14962,Inactivo
PERF-004655,Customer 4655,14965,Activo
PERF-004656,Customer 4656,14968,Pendiente
PERF-004657,Customer 4657,14971,Activo
PERF-004658,Customer 4658,14974,Inactivo
PERF-004659,Customer 4659,14977,Pendiente
PERF-004660,CUSTOMER 4660,14980,inactivo
PERF-004661,Customer 4661,14983,Activo
PERF-004662,Customer 4662,14986,Pendiente
PERF-004663,Customer 4663,14989,Activo
PERF-004664,Customer 4664,14992,Inactivo
PERF-004665,Customer 4665,14995,Pendiente
PERF-004666,Customer 4666,14998,Inactivo
PERF-004667,Customer 4667,15001,Activo
PERF-004668,Customer 4668,15004,Pendiente
PERF-004669,Customer 4669,15007,Activo
PERF-004670,Customer 4670,15010,Inactivo
PERF-004671,Customer 4671,15013,Pendiente
PERF-004672,Customer 4672,15016,Inactivo
PERF-004673,Customer 4673,15019,Activo
PERF-004674,Customer 4674,15022,Pendiente
PERF-004675,Customer 4675,15025,Activo
PERF-004676,Customer 4676,15028,Inactivo
PERF-004677,Customer 4677,15031,Pendiente
PERF-004678,Customer 4678,15034,Inactivo
PERF-004679,Customer 4679,15037,Activo
PERF-004680,CUSTOMER 4680,15040,pendiente
PERF-004681,Customer 4681,15043,Activo
PERF-004682,Customer 4682,15046,Inactivo
PERF-004683,Customer 4683,15049,Pendiente
PERF-004684,Customer 4684,15052,Inactivo
PERF-004685,Customer 4685,15055,Activo
PERF-004686,Customer 4686,15058,Pendiente
PERF-004687,Customer 4687,15061,Activo
PERF-004688,Customer 4688,15064,Inactivo
PERF-004689,Customer 4689,15067,Pendiente
PERF-004690,Customer 4690,15070,Inactivo
PERF-004691,Customer 4691,15073,Activo
PERF-004692,Customer 4692,15076,Pendiente
PERF-004693,Customer 4693,15079,Activo
PERF-004694,Customer 4694,15082,Inactivo
PERF-004695,Customer 4695,15085,Pendiente
PERF-004696,Customer 4696,15088,Inactivo
PERF-004697,Customer 4697,15091,Activo
PERF-004698,Customer 4698,15094,Pendiente
PERF-004699,Customer 4699,15097,Activo
PERF-004700,CUSTOMER 4700,15120,inactivo
PERF-004701,Customer 4701,15103,Pendiente
PERF-004702,Customer 4702,15106,Inactivo
PERF-004703,Customer 4703,15109,Activo
PERF-004704,Customer 4704,15112,Pendiente
PERF-004705,Customer 4705,15115,Activo
PERF-004706,Customer 4706,15118,Inactivo
PERF-004707,Customer 4707,15121,Pendiente
PERF-004708,Customer 4708,15124,Inactivo
PERF-004709,Customer 4709,15127,Activo
PERF-004710,Customer 4710,15130,Pendiente
PERF-004711,Customer 4711,15133,Activo
PERF-004712,Customer 4712,15136,Inactivo
PERF-004713,Customer 4713,15139,Pendiente
PERF-004714,Customer 4714,15142,Inactivo
PERF-004715,Customer 4715,15145,Activo
PERF-004716,Customer 4716,15148,Pendiente
PERF-004717,Customer 4717,15151,Activo
PERF-004718,Customer 4718,15154,Inactivo
PERF-004719,Customer 4719,15157,Pendiente
PERF-004720,CUSTOMER 4720,15160,inactivo
PERF-004721,Customer 4721,15163,Activo
PERF-004722,Customer 4722,15166,Pendiente
PERF-004723,Customer 4723,15169,Activo
PERF-004724,Customer 4724,15172,Inactivo
PERF-004725,Customer 4725,15175,Pendiente
PERF-004726,Customer 4726,15178,Inactivo
PERF-004727,Customer 4727,15181,Activo
PERF-004728,Customer 4728,15184,Pendiente
PERF-004729,Customer 4729,15187,Activo
PERF-004730,Customer 4730,15190,Inactivo
PERF-004731,Customer 4731,15193,Pendiente
PERF-004732,Customer 4732,15196,Inactivo
PERF-004733,Customer 4733,15199,Activo
PERF-004734,Customer 4734,15202,Pendiente
PERF-004735,Customer 4735,15205,Activo
PERF-004736,Customer 4736,15208,Inactivo
PERF-004737,Customer 4737,15211,Pendiente
PERF-004738,Customer 4738,15214,Inactivo
PERF-004739,Customer 4739,15217,Activo
PERF-004740,CUSTOMER 4740,15220,pendiente
PERF-004741,Customer 4741,15223,Activo
PERF-004742,Customer 4742,15226,Inactivo
PERF-004743,Customer 4743,15229,Pendiente
PERF-004744,Customer 4744,15232,Inactivo
PERF-004745,Customer 4745,15235,Activo
PERF-004746,Customer 4746,15238,Pendiente
PERF-004747,Customer 4747,15241,Activo
PERF-004748,Customer 4748,15244,Inactivo
PERF-004749,Customer 4749,15247,Pendiente
PERF-004750,Customer 4750,15252,Inactivo
PERF-004751,Customer 4751,15253,Activo
PERF-004752,Customer 4752,15256,Pendiente
PERF-004753,Customer 4753,15259,Activo
PERF-004754,Customer 4754,15262,Inactivo
PERF-004755,Customer 4755,15265,Pendiente
PERF-004756,Customer 4756,15268,Inactivo
PERF-004757,Customer 4757,15271,Activo
PERF-004758,Customer 4758,15274,Pendiente
PERF-004759,Customer 4759,15277,Activo
PERF-004760,CUSTOMER 4760,15280,inactivo
PERF-004761,Customer 4761,15283,Pendiente
PERF-004762,Customer 4762,15286,Inactivo
PERF-004763,Customer 4763,15289,Activo
PERF-004764,Customer 4764,15292,Pendiente
PERF-004765,Customer 4765,15295,Activo
PERF-004766,Customer 4766,15298,Inactivo
PERF-004767,Customer 4767,15301,Pendiente
PERF-004768,Customer 4768,15304,Inactivo
PERF-004769,Customer 4769,15307,Activo
PERF-004770,Customer 4770,15310,Pendiente
PERF-004771,Customer 4771,15313,Activo
PERF-004772,Customer 4772,15316,Inactivo
PERF-004773,Customer 4773,15319,Pendiente
PERF-004774,Customer 4774,15322,Inactivo
PERF-004775,Customer 4775,15325,Activo
PERF-004776,Customer 4776,15328,Pendiente
PERF-004777,Customer 4777,15331,Activo
PERF-004778,Customer 4778,15334,Inactivo
PERF-004779,Customer 4779,15337,Pendiente
PERF-004780,CUSTOMER 4780,15340,inactivo
PERF-004781,Customer 4781,15343,Activo
PERF-004782,Customer 4782,15346,Pendiente
PERF-004783,Customer 4783,15349,Activo
PERF-004784,Customer 4784,15352,Inactivo
PERF-004785,Customer 4785,15355,Pendiente
PERF-004786,Customer 4786,15358,Inactivo
PERF-004787,Customer 4787,15361,Activo
PERF-004788,Customer 4788,15364,Pendiente
PERF-004789,Customer 4789,15367,Activo
PERF-004790,Customer 4790,15370,Inactivo
PERF-004791,Customer 4791,15373,Pendiente
PERF-004792,Customer 4792,15376,Inactivo
PERF-004793,Customer 4793,15379,Activo
PERF-004794,Customer 4794,15382,Pendiente
PERF-004795,Customer 4795,15385,Activo
PERF-004796,Customer 4796,15388,Inactivo
PERF-004797,Customer 4797,15391,Pendiente
PERF-004798,Customer 4798,15394,Inactivo
PERF-004799,Customer 4799,15397,Activo
PERF-004800,CUSTOMER 4800,15420,pendiente
PERF-004801,Customer 4801,15403,Activo
PERF-004802,Customer 4802,15406,Inactivo
PERF-004803,Customer 4803,15409,Pendiente
PERF-004804,Customer 4804,15412,Inactivo
PERF-004805,Customer 4805,15415,Activo
PERF-004806,Customer 4806,15418,Pendiente
PERF-004807,Customer 4807,15421,Activo
PERF-004808,Customer 4808,15424,Inactivo
PERF-004809,Customer 4809,15427,Pendiente
PERF-004810,Customer 4810,15430,Inactivo
PERF-004811,Customer 4811,15433,Activo
PERF-004812,Customer 4812,15436,Pendiente
PERF-004813,Customer 4813,15439,Activo
PERF-004814,Customer 4814,15442,Inactivo
PERF-004815,Customer 4815,15445,Pendiente
PERF-004816,Customer 4816,15448,Inactivo
PERF-004817,Customer 4817,15451,Activo
PERF-004818,Customer 4818,15454,Pendiente
PERF-004819,Customer 4819,15457,Activo
PERF-004820,CUSTOMER 4820,15460,inactivo
PERF-004821,Customer 4821,15463,Pendiente
PERF-004822,Customer 4822,15466,Inactivo
PERF-004823,Customer 4823,15469,Activo
PERF-004824,Customer 4824,15472,Pendiente
PERF-004825,Customer 4825,15475,Activo
PERF-004826,Customer 4826,15478,Inactivo
PERF-004827,Customer 4827,15481,Pendiente
PERF-004828,Customer 4828,15484,Inactivo
PERF-004829,Customer 4829,15487,Activo
PERF-004830,Customer 4830,15490,Pendiente
PERF-004831,Customer 4831,15493,Activo
PERF-004832,Customer 4832,15496,Inactivo
PERF-004833,Customer 4833,15499,Pendiente
PERF-004834,Customer 4834,15502,Inactivo
PERF-004835,Customer 4835,15505,Activo
PERF-004836,Customer 4836,15508,Pendiente
PERF-004837,Customer 4837,15511,Activo
PERF-004838,Customer 4838,15514,Inactivo
PERF-004839,Customer 4839,15517,Pendiente
PERF-004840,CUSTOMER 4840,15520,inactivo
PERF-004841,Customer 4841,15523,Activo
PERF-004842,Customer 4842,15526,Pendiente
PERF-004843,Customer 4843,15529,Activo
PERF-004844,Customer 4844,15532,Inactivo
PERF-004845,Customer 4845,15535,Pendiente
PERF-004846,Customer 4846,15538,Inactivo
PERF-004847,Customer 4847,15541,Activo
PERF-004848,Customer 4848,15544,Pendiente
PERF-004849,Customer 4849,15547,Activo
PERF-004850,Customer 4850,15552,Inactivo
PERF-004851,Customer 4851,15553,Pendiente
PERF-004852,Customer 4852,15556,Inactivo
PERF-004853,Customer 4853,15559,Activo
PERF-004854,Customer 4854,15562,Pendiente
PERF-004855,Customer 4855,15565,Activo
PERF-004856,Customer 4856,15568,Inactivo
PERF-004857,Customer 4857,15571,Pendiente
PERF-004858,Customer 4858,15574,Inactivo
PERF-004859,Customer 4859,15577,Activo
PERF-004860,CUSTOMER 4860,15580,pendiente
PERF-004861,Customer 4861,15583,Activo
PERF-004862,Customer 4862,15586,Inactivo
PERF-004863,Customer 4863,15589,Pendiente
PERF-004864,Customer 4864,15592,Inactivo
PERF-004865,Customer 4865,15595,Activo
PERF-004866,Customer 4866,15598,Pendiente
PERF-004867,Customer 4867,15601,Activo
PERF-004868,Customer 4868,15604,Inactivo
PERF-004869,Customer 4869,15607,Pendiente
PERF-004870,Customer 4870,15610,Inactivo
PERF-004871,Customer 4871,15613,Activo
PERF-004872,Customer 4872,15616,Pendiente
PERF-004873,Customer 4873,15619,Activo
PERF-004874,Customer 4874,15622,Inactivo
PERF-004875,Customer 4875,15625,Pendiente
PERF-004876,Customer 4876,15628,Inactivo
PERF-004877,Customer 4877,15631,Activo
PERF-004878,Customer 4878,15634,Pendiente
PERF-004879,Customer 4879,15637,Activo
PERF-004880,CUSTOMER 4880,15640,inactivo
PERF-004881,Customer 4881,15643,Pendiente
PERF-004882,Customer 4882,15646,Inactivo
PERF-004883,Customer 4883,15649,Activo
PERF-004884,Customer 4884,15652,Pendiente
PERF-004885,Customer 4885,15655,Activo
PERF-004886,Customer 4886,15658,Inactivo
PERF-004887,Customer 4887,15661,Pendiente
PERF-004888,Customer 4888,15664,Inactivo
PERF-004889,Customer 4889,15667,Activo
PERF-004890,Customer 4890,15670,Pendiente
PERF-004891,Customer 4891,15673,Activo
PERF-004892,Customer 4892,15676,Inactivo
PERF-004893,Customer 4893,15679,Pendiente
PERF-004894,Customer 4894,15682,Inactivo
PERF-004895,Customer 4895,15685,Activo
PERF-004896,Customer 4896,15688,Pendiente
PERF-004897,Customer 4897,15691,Activo
PERF-004898,Customer 4898,15694,Inactivo
PERF-004899,Customer 4899,15697,Pendiente
PERF-004900,CUSTOMER 4900,15720,inactivo
PERF-004901,Customer 4901,15703,Activo
PERF-004902,Customer 4902,15706,Pendiente
PERF-004903,Customer 4903,15709,Activo
PERF-004904,Customer 4904,15712,Inactivo
PERF-004905,Customer 4905,15715,Pendiente
PERF-004906,Customer 4906,15718,Inactivo
PERF-004907,Customer 4907,15721,Activo
PERF-004908,Customer 4908,15724,Pendiente
PERF-004909,Customer 4909,15727,Activo
PERF-004910,Customer 4910,15730,Inactivo
PERF-004911,Customer 4911,15733,Pendiente
PERF-004912,Customer 4912,15736,Inactivo
PERF-004913,Customer 4913,15739,Activo
PERF-004914,Customer 4914,15742,Pendiente
PERF-004915,Customer 4915,15745,Activo
PERF-004916,Customer 4916,15748,Inactivo
PERF-004917,Customer 4917,15751,Pendiente
PERF-004918,Customer 4918,15754,Inactivo
PERF-004919,Customer 4919,15757,Activo
PERF-004920,CUSTOMER 4920,15760,pendiente
PERF-004921,Customer 4921,15763,Activo
PERF-004922,Customer 4922,15766,Inactivo
PERF-004923,Customer 4923,15769,Pendiente
PERF-004924,Customer 4924,15772,Inactivo
PERF-004925,Customer 4925,15775,Activo
PERF-004926,Customer 4926,15778,Pendiente
PERF-004927,Customer 4927,15781,Activo
PERF-004928,Customer 4928,15784,Inactivo
PERF-004929,Customer 4929,15787,Pendiente
PERF-004930,Customer 4930,15790,Inactivo
PERF-004931,Customer 4931,15793,Activo
PERF-004932,Customer 4932,15796,Pendiente
PERF-004933,Customer 4933,15799,Activo
PERF-004934,Customer 4934,15802,Inactivo
PERF-004935,Customer 4935,15805,Pendiente
PERF-004936,Customer 4936,15808,Inactivo
PERF-004937,Customer 4937,15811,Activo
PERF-004938,Customer 4938,15814,Pendiente
PERF-004939,Customer 4939,15817,Activo
PERF-004940,CUSTOMER 4940,15820,inactivo
PERF-004941,Customer 4941,15823,Pendiente
PERF-004942,Customer 4942,15826,Inactivo
PERF-004943,Customer 4943,15829,Activo
PERF-004944,Customer 4944,15832,Pendiente
PERF-004945,Customer 4945,15835,Activo
PERF-004946,Customer 4946,15838,Inactivo
PERF-004947,Customer 4947,15841,Pendiente
PERF-004948,Customer 4948,15844,Inactivo
PERF-004949,Customer 4949,15847,Activo
PERF-004950,Customer 4950,15852,Pendiente
CRM-ONLY-000001,CRM Only Customer 1,50001,Activo
CRM-ONLY-000002,CRM Only Customer 2,50002,Activo
CRM-ONLY-000003,CRM Only Customer 3,50003,Activo
CRM-ONLY-000004,CRM Only Customer 4,50004,Activo
CRM-ONLY-000005,CRM Only Customer 5,50005,Activo
CRM-ONLY-000006,CRM Only Customer 6,50006,Activo
CRM-ONLY-000007,CRM Only Customer 7,50007,Activo
CRM-ONLY-000008,CRM Only Customer 8,50008,Activo
CRM-ONLY-000009,CRM Only Customer 9,50009,Activo
CRM-ONLY-000010,CRM Only Customer 10,50010,Activo
CRM-ONLY-000011,CRM Only Customer 11,50011,Activo
CRM-ONLY-000012,CRM Only Customer 12,50012,Activo
CRM-ONLY-000013,CRM Only Customer 13,50013,Activo
CRM-ONLY-000014,CRM Only Customer 14,50014,Activo
CRM-ONLY-000015,CRM Only Customer 15,50015,Activo
CRM-ONLY-000016,CRM Only Customer 16,50016,Activo
CRM-ONLY-000017,CRM Only Customer 17,50017,Activo
CRM-ONLY-000018,CRM Only Customer 18,50018,Activo
CRM-ONLY-000019,CRM Only Customer 19,50019,Activo
CRM-ONLY-000020,CRM Only Customer 20,50020,Activo
CRM-ONLY-000021,CRM Only Customer 21,50021,Activo
CRM-ONLY-000022,CRM Only Customer 22,50022,Activo
CRM-ONLY-000023,CRM Only Customer 23,50023,Activo
CRM-ONLY-000024,CRM Only Customer 24,50024,Activo
CRM-ONLY-000025,CRM Only Customer 25,50025,Activo
CRM-ONLY-000026,CRM Only Customer 26,50026,Activo
CRM-ONLY-000027,CRM Only Customer 27,50027,Activo
CRM-ONLY-000028,CRM Only Customer 28,50028,Activo
CRM-ONLY-000029,CRM Only Customer 29,50029,Activo
CRM-ONLY-000030,CRM Only Customer 30,50030,Activo
CRM-ONLY-000031,CRM Only Customer 31,50031,Activo
CRM-ONLY-000032,CRM Only Customer 32,50032,Activo
CRM-ONLY-000033,CRM Only Customer 33,50033,Activo
CRM-ONLY-000034,CRM Only Customer 34,50034,Activo
CRM-ONLY-000035,CRM Only Customer 35,50035,Activo
CRM-ONLY-000036,CRM Only Customer 36,50036,Activo
CRM-ONLY-000037,CRM Only Customer 37,50037,Activo
CRM-ONLY-000038,CRM Only Customer 38,50038,Activo
CRM-ONLY-000039,CRM Only Customer 39,50039,Activo
CRM-ONLY-000040,CRM Only Customer 40,50040,Activo
CRM-ONLY-000041,CRM Only Customer 41,50041,Activo
CRM-ONLY-000042,CRM Only Customer 42,50042,Activo
CRM-ONLY-000043,CRM Only Customer 43,50043,Activo
CRM-ONLY-000044,CRM Only Customer 44,50044,Activo
CRM-ONLY-000045,CRM Only Customer 45,50045,Activo
CRM-ONLY-000046,CRM Only Customer 46,50046,Activo
CRM-ONLY-000047,CRM Only Customer 47,50047,Activo
CRM-ONLY-000048,CRM Only Customer 48,50048,Activo
CRM-ONLY-000049,CRM Only Customer 49,50049,Activo
CRM-ONLY-000050,CRM Only Customer 50,50050,Activo
